rscore,rscore_std,rscore_max,omega,omega_std,eta,eta_std,eta_max,xi,xi_std,delta,delta_std,delta_max
0.053837204157721474,0.008740834577588083,0.07094866913278897,0.42949569836499957,0.11611794601513184,0.5705043016350004,0.11611794601513183,0.7293356127102774,0.04179677702424275,0.021597558519455294,0.5705043016081297,0.11611794601513184,0.7293356126834067
0.03989484769657446,0.007711775757945559,0.04979672904011657,0.43051877657669213,0.12979704171557457,0.5694812234233079,0.12979704171557457,0.7603437049940229,0.031904544918053,0.018743290569997236,0.5694812233860198,0.1297970417155746,0.760343704956735
0.08928323178004786,0.011587663386333349,0.11039968576862415,0.46229159281915544,0.10567311322219589,0.5377084071808447,0.10567311322219587,0.6971881826597813,0.06867989898964727,0.031329176771114256,0.537708407164009,0.10567311322219586,0.6971881826429459
0.04194297463224413,0.006108402685257737,0.05202410161924027,0.4799839072917206,0.14889515613547313,0.5200160927082793,0.14889515613547313,0.7495715070834537,0.03578864407118078,0.0257962715055347,0.5200160926680955,0.14889515613547313,0.7495715070432697
0.06183369341025004,0.008467198444567756,0.07765732599699715,0.4421753837082136,0.10651870654768561,0.5578246162917864,0.1065187065476856,0.7463742521159612,0.045935272776933864,0.02339398855920389,0.5578246162667211,0.10651870654768561,0.7463742520908959
0.07961936984395311,0.010712977896486392,0.10172359562435934,0.47331228932382735,0.10838427979406266,0.5266877106761727,0.10838427979406266,0.706838591701425,0.060919825051673045,0.03346543676496953,0.5266877106566918,0.10838427979406264,0.7068385916819442
0.057130221959508995,0.009198609278093923,0.06914668304355878,0.4618147423328774,0.11069235589915402,0.5381852576671227,0.11069235589915402,0.7396573821114767,0.04779134055071371,0.02306737043244841,0.5381852576420574,0.11069235589915402,0.7396573820864115
0.045671785361688526,0.0067156363031589325,0.05608471154384353,0.44139939564371744,0.09810057050879846,0.5586006043562826,0.09810057050879846,0.758672516358331,0.03566363954374041,0.018953079298180672,0.5586006043228682,0.09810057050879849,0.7586725163249167
0.05870555756364383,0.008413088324777494,0.07224990720185934,0.4284209994565385,0.10121537158695824,0.5715790005434616,0.10121537158695823,0.7514472123105014,0.03806291382053996,0.01613944420753604,0.5715790005159401,0.10121537158695824,0.75144721228298
0.046335948716379485,0.006187325253030323,0.05656281392852524,0.44296565352533834,0.12931694286737255,0.5570343464746617,0.12931694286737255,0.7679903366946464,0.03391774937317903,0.01908202061032785,0.5570343464403105,0.12931694286737255,0.7679903366602954
0.050029512980872,0.008116520920238028,0.0671877050164254,0.42392596019486534,0.12109325519318297,0.5760740398051346,0.12109325519318295,0.7645837135730957,0.033330185306034724,0.01678381044647216,0.5760740397748791,0.12109325519318295,0.7645837135428404
0.04466949147502204,0.008048295751944939,0.05581779434891046,0.4409152199437609,0.1280787598985494,0.5590847800562392,0.1280787598985494,0.7584200813832682,0.03821240281892014,0.0244808270880942,0.5590847800221999,0.12807875989854944,0.7584200813492288
0.08917999886125216,0.012114020770034694,0.10970726212862057,0.5120275467669545,0.10999022010447385,0.4879724532330455,0.10999022010447383,0.6759025320997238,0.08137441613328555,0.04337855970676498,0.4879724532158524,0.10999022010447387,0.6759025320825307
0.05138589607702382,0.006905460678835925,0.06366686342254943,0.45082671485269166,0.09422628897438637,0.5491732851473083,0.09422628897438637,0.6701969845298632,0.038442453172182,0.01947052093991834,0.5491732851168935,0.0942262889743864,0.6701969844994483
0.058420027048989354,0.007439317409179545,0.06858579388228912,0.4462037332695901,0.12175403640806136,0.5537962667304099,0.12175403640806136,0.7608642102414753,0.0452720363354497,0.02220071016583479,0.5537962667038657,0.12175403640806137,0.7608642102149312
0.0385033997225743,0.005468721172068948,0.04903253811902034,0.41260914146176253,0.08274578499949492,0.5873908585382375,0.0827457849994949,0.7188217719307614,0.024707888189806418,0.014096057882375636,0.5873908584929597,0.08274578499949495,0.7188217718854836
0.040290660071232116,0.0055094028953662135,0.0515480886114695,0.40106317981276285,0.10850293850013794,0.5989368201872372,0.10850293850013794,0.763801028713829,0.02238530413027276,0.013054510161436286,0.598936820143745,0.10850293850013792,0.763801028670337
0.04122665487199365,0.006445609977260414,0.05573419718698238,0.3465330305550234,0.11447785093607697,0.6534669694449766,0.11447785093607697,0.8059488716907712,0.02089681071516323,0.013778825079727669,0.6534669694083034,0.11447785093607696,0.8059488716540979
0.053748555902913116,0.009339954745986144,0.06530433443307523,0.4457839859993216,0.1357309826176091,0.5542160140006784,0.1357309826176091,0.7807214379371415,0.03817393615033297,0.018888229811439308,0.5542160139693106,0.13573098261760913,0.7807214379057738
0.04650637602642276,0.0065182761664351165,0.05574589234464052,0.41899451792027015,0.11430403392721267,0.5810054820797299,0.11430403392721267,0.7580132539814115,0.03218247831794048,0.022010436320490982,0.5810054820439823,0.11430403392721267,0.7580132539456639
0.06815709917315105,0.011100286920567397,0.08549938873776387,0.48069216681053906,0.11181426844637424,0.5193078331894609,0.11181426844637427,0.7024339985766486,0.056518758412773526,0.024760644777079954,0.5193078331668994,0.11181426844637421,0.7024339985540871
0.0382981977531216,0.005881843145486998,0.053383630613913026,0.4074792265899234,0.09172930231617175,0.5925207734100766,0.09172930231617174,0.7539394973409458,0.025344552673279112,0.013306956216723677,0.5925207733685338,0.09172930231617178,0.7539394972994029
0.05782918502127325,0.007748453028115646,0.06736120512029929,0.4273939691902543,0.14270009360239017,0.5726060308097457,0.14270009360239017,0.7709074079295346,0.04104900498700448,0.025625379082408282,0.5726060307822243,0.14270009360239014,0.7709074079020131
0.044436050993931636,0.0074502257644069965,0.05541515706062116,0.42902525412726567,0.11496969849170809,0.5709747458727343,0.11496969849170809,0.7340918616539449,0.03471436120425994,0.020778773397773544,0.5709747458379164,0.11496969849170811,0.7340918616191271
0.0537936204337533,0.008112059448322792,0.06985421603216531,0.4144050449591088,0.100517068913079,0.5855949550408912,0.100517068913079,0.7162950686370169,0.03586577527713994,0.02113258697053984,0.5855949550115951,0.100517068913079,0.7162950686077207
0.059355765777979776,0.011058903096018037,0.07765616338215069,0.4039327530471041,0.12993105489664505,0.5960672469528958,0.12993105489664505,0.8067644683282524,0.040339579008128054,0.026681698047401767,0.5960672469291597,0.12993105489664508,0.8067644683045162
0.04229207209657403,0.005115371700138829,0.04943853921768932,0.4338469060679747,0.10903932238002487,0.5661530939320253,0.10903932238002485,0.7028941749156055,0.027445626787464594,0.017949889454411887,0.5661530938892811,0.10903932238002485,0.7028941748728613
0.05324003643009971,0.007506368641116744,0.06254418714502215,0.4112722265780543,0.1408157898558305,0.5887277734219456,0.1408157898558305,0.8467633184203069,0.03695039007416068,0.029383145737749885,0.5887277733929708,0.1408157898558305,0.8467633183913319
0.05613984228752433,0.011307705726536239,0.08070038128758096,0.3797053884780477,0.14835864070095017,0.6202946115219523,0.14835864070095017,0.865543812501159,0.03165447426695147,0.01758395512284816,0.6202946114957353,0.14835864070095012,0.8655438124749415
0.037387945898840085,0.006255501179752673,0.05277033445924725,0.39798083631769243,0.07539078732756652,0.6020191636823076,0.07539078732756652,0.7071155838653904,0.022406184550231866,0.010355087418674937,0.6020191636409153,0.07539078732756653,0.7071155838239983
0.05398637809723291,0.007945375513634181,0.07168891670578442,0.4317645748559412,0.09307191638271968,0.5682354251440588,0.09307191638271967,0.6880160854413135,0.03805193974711623,0.02247469699011023,0.5682354251147628,0.09307191638271971,0.6880160854120175
0.07333621107457101,0.009617499891824904,0.08756352777216446,0.46024066590999124,0.10177902183245228,0.5397593340900088,0.10177902183245228,0.7186850308438053,0.05482748209997649,0.04032901686301526,0.5397593340674474,0.10177902183245228,0.7186850308212438
0.05501249330636197,0.007342152424049478,0.06480106234518165,0.42701540003464744,0.10778109100381791,0.5729845999653526,0.10778109100381793,0.7569006811436736,0.03217655135276611,0.010349124198564826,0.572984599935576,0.1077810910038179,0.756900681113897
0.04829779088375427,0.007090294831603714,0.06132504840582495,0.4450839465198967,0.07877547615415313,0.5549160534801033,0.07877547615415315,0.7166970719317232,0.03445362039103695,0.012726985190132416,0.5549160534477879,0.07877547615415316,0.7166970718994079
0.04769313456361051,0.007864928189210212,0.05742991400467452,0.43726000141840693,0.09940310065763616,0.5627399985815931,0.09940310065763616,0.7042674419944167,0.03722409811310647,0.019328434615636447,0.5627399985502253,0.09940310065763615,0.704267441963049
0.05271714892568451,0.009462499761384344,0.07550479911671465,0.3856999832125919,0.15557045122024493,0.614300016787408,0.15557045122024493,0.9088969614252846,0.03277496754232125,0.021618055037306683,0.6143000167600492,0.15557045122024493,0.9088969613979254
0.04869427056547654,0.007529194748617582,0.061702757571329384,0.43027769688436857,0.12474598433321252,0.5697223031156313,0.12474598433321253,0.7716085535953976,0.03460239209749029,0.019367782071343854,0.5697223030844221,0.12474598433321248,0.7716085535641881
0.050121421413112974,0.00780395836381461,0.06156946618181842,0.4730290630107893,0.14795302922697198,0.5269709369892108,0.147953029226972,0.8014019765714636,0.043188375683261365,0.029386587759733768,0.5269709369583189,0.14795302922697204,0.8014019765405719
0.05407714941955557,0.008200200868367957,0.06761301384857926,0.4648246306115939,0.12356554817652222,0.535175369388406,0.12356554817652224,0.7246450508029454,0.052648599404754415,0.03935728991678962,0.5351753693613724,0.12356554817652224,0.7246450507759118
0.03781166489244965,0.006410219971478323,0.047003817531226816,0.39703124294672165,0.13558479035580728,0.6029687570532782,0.13558479035580728,0.8118773862571832,0.023355743297795287,0.014471833626564923,0.6029687570084458,0.13558479035580728,0.8118773862123505
0.05218157913378696,0.00837824483206663,0.06619555131613343,0.4331241880206855,0.13263675873933933,0.5668758119793145,0.13263675873933933,0.7533033474003478,0.039528700131778796,0.03214096658577663,0.5668758119500186,0.13263675873933936,0.7533033473710518
0.05379081386054151,0.0076379134604118906,0.06793826281134181,0.43330568836403865,0.11166862980837407,0.5666943116359613,0.11166862980837407,0.7221704851538584,0.039635301771286074,0.02123345802043326,0.5666943116073082,0.11166862980837408,0.7221704851252052
0.0450590812914419,0.007238856689599517,0.058419171695907886,0.41316812304195183,0.08263998189232538,0.5868318769580482,0.08263998189232538,0.7315294312897171,0.030166697938558265,0.014237495578127916,0.5868318769240088,0.0826399818923254,0.7315294312556778
0.06268161645006383,0.008570483100854617,0.07607232173612204,0.4280201210587242,0.11940578440460176,0.5719798789412758,0.11940578440460176,0.7218330207404545,0.04508427362805308,0.031149875471783467,0.5719798789162105,0.1194057844046018,0.7218330207153894
0.06277141972530315,0.009092351758122971,0.07999576059125307,0.40015652562555215,0.12703273863116432,0.5998434743744478,0.1270327386311643,0.7846942569031712,0.03853213012205554,0.024349173928343744,0.5998434743517179,0.12703273863116435,0.7846942568804416
0.0849010996466886,0.009336749237582317,0.10038842483200802,0.495600277213029,0.12363446851722316,0.504399722786971,0.12363446851722316,0.7670009046714006,0.06875367982803574,0.03168525632728551,0.5043997227680128,0.1236344685172232,0.7670009046524425
0.05555433654397582,0.007793755642395105,0.06547074803279129,0.40594263773276223,0.1153689467433157,0.5940573622672377,0.1153689467433157,0.7885064322484676,0.029690796295415153,0.015070751748127373,0.5940573622369822,0.11536894674331569,0.7885064322182119
0.05258058443548239,0.008880955139996979,0.07023899482906638,0.36401776170483063,0.1524947964404877,0.6359822382951694,0.1524947964404877,0.9047036869763836,0.031275033448195315,0.024700904830587556,0.6359822382694448,0.15249479644048775,0.9047036869506592
0.07323719544478713,0.00984994194536398,0.08568333516845676,0.4509943768208463,0.09958350872614025,0.5490056231791538,0.09958350872614026,0.695930378216147,0.0495607478098746,0.025518443682992633,0.5490056231579501,0.09958350872614026,0.6959303781949434
0.05143036743713878,0.006675397087508567,0.060602894780642146,0.44526389520508325,0.13147917032119846,0.5547361047949166,0.13147917032119844,0.7300898530185234,0.037495487536996275,0.02134702609371939,0.5547361047626014,0.13147917032119846,0.7300898529862081
0.047067817382426616,0.00780812360706688,0.06136263103101344,0.4384245590362655,0.1346375884966885,0.5615754409637345,0.1346375884966885,0.8413491896148446,0.03093137139384355,0.014931952233237776,0.5615754409306335,0.13463758849668847,0.8413491895817435
0.05144853438416802,0.0083330557980596,0.06472808827745113,0.4536215677356934,0.0886799397537541,0.5463784322643066,0.0886799397537541,0.6502726520368326,0.03880437771048387,0.018692491017099223,0.5463784322356535,0.08867993975375411,0.6502726520081796
0.06000760457462754,0.011244226187091103,0.07513128436077354,0.3931613951888922,0.10633604028843369,0.6068386048111077,0.10633604028843369,0.7632002971092234,0.036694060860078634,0.022864410543640395,0.6068386047847271,0.10633604028843367,0.7632002970828428
0.05467484261814492,0.008635092914115202,0.06850071803686313,0.4692961707236588,0.13482500967446334,0.5307038292763412,0.13482500967446337,0.7710414813909728,0.04771373603918606,0.02620528846450467,0.5307038292483337,0.13482500967446337,0.7710414813629651
0.03993265092795288,0.006249051360371635,0.04900703044423216,0.43275079958152585,0.1052506301647378,0.5672492004184742,0.10525063016473782,0.723213642620341,0.024582292455748837,0.013834069467585976,0.5672492003734931,0.10525063016473779,0.7232136425753598
0.04674215462875937,0.005818312280879936,0.05741737263493053,0.3949806182749085,0.09981709669842025,0.6050193817250915,0.09981709669842026,0.7625232088378298,0.02731651413636988,0.01258525258143627,0.6050193816894984,0.09981709669842027,0.7625232088022369
0.046410208587332566,0.0062016462748922885,0.05676372282301079,0.4406720395260739,0.1211015709140308,0.5593279604739262,0.12110157091403081,0.723697200408165,0.03265476570655657,0.017248210386952994,0.5593279604381785,0.12110157091403088,0.7236972003724171
0.07140017022901163,0.010603741507685595,0.0875733801143134,0.43455107467679355,0.10409102984782544,0.5654489253232065,0.10409102984782545,0.7720597568113792,0.04879771031714686,0.020991421520273,0.5654489253018321,0.10409102984782545,0.7720597567900048
0.055262029620065094,0.009516701781573956,0.0725203844495157,0.4252898678025402,0.11909578551016024,0.5747101321974599,0.11909578551016027,0.7956150396842562,0.0371672116628084,0.020771755899686526,0.5747101321680035,0.11909578551016033,0.7956150396548
0.043552676661335235,0.005840760640387615,0.052318288050137836,0.43401275721837895,0.09490349579718023,0.565987242781621,0.09490349579718023,0.7603618723054199,0.029495642964961915,0.015065404792429233,0.5659872427415886,0.09490349579718026,0.7603618722653877
0.046380793068633304,0.006913333658463381,0.061446703981748244,0.3942652437934922,0.07823116047392474,0.6057347562065079,0.07823116047392474,0.7358377540803959,0.026582490144393484,0.009684944211769096,0.6057347561696809,0.07823116047392491,0.735837754043569
0.0656248065815304,0.008338216395198182,0.0757082788821559,0.4403849613285413,0.1315491733808369,0.5596150386714587,0.13154917338083688,0.7453939007964828,0.05093071803747331,0.03000581791912256,0.5596150386475554,0.13154917338083688,0.7453939007725794
0.046005074010571634,0.007111349172770063,0.05497750637112942,0.4145187158283819,0.11137297906764616,0.5854812841716182,0.11137297906764615,0.7342898942615701,0.030950183849218195,0.01750841849934265,0.5854812841371113,0.11137297906764619,0.7342898942270634
0.0413158194770293,0.007498369372438842,0.05322208612462811,0.43095935800899926,0.11965047075363423,0.5690406419910007,0.11965047075363422,0.7615633170100943,0.02694824471655255,0.01406044366216048,0.5690406419511198,0.11965047075363426,0.7615633169702133
0.03601784047304332,0.007148528002230599,0.05035190348376163,0.3724514018040193,0.09629711621662436,0.6275485981959806,0.09629711621662436,0.7583780615701063,0.019762962095083665,0.011913215038065146,0.6275485981487817,0.09629711621662433,0.7583780615229074
0.049832801276744776,0.006124126666287911,0.06029327027615802,0.4059135015882294,0.10846492451534535,0.5940864984117706,0.10846492451534535,0.7875495970144495,0.03029822098683678,0.01542474228967327,0.5940864983780434,0.10846492451534538,0.7875495969807224
0.042345277622743024,0.007051562358881434,0.05516745722885169,0.45011972021901747,0.1436509218526823,0.5498802797809825,0.1436509218526823,0.8025671872932109,0.03150910611722258,0.016908415297643916,0.5498802797436946,0.1436509218526823,0.8025671872559229
0.06255881763419785,0.009550362629442847,0.07461329709335414,0.47138675532910296,0.1410740454050533,0.5286132446708971,0.1410740454050533,0.7612127035029798,0.05240877524409743,0.030714689792721708,0.5286132446456665,0.14107404540505322,0.7612127034777492
0.04950933368921542,0.008545838256617621,0.062224212115937316,0.4574261851422644,0.15108753550000928,0.5425738148577356,0.15108753550000925,0.7545983533349939,0.03912241419859646,0.028429893650473385,0.5425738148254203,0.15108753550000925,0.7545983533026785
0.052511290973775646,0.006782812765929717,0.0649837314136205,0.4457290296752771,0.12064655491042,0.554270970324723,0.12064655491042,0.7324461079045506,0.03814674490308609,0.026178028657414802,0.5542709702920928,0.12064655491041995,0.7324461078719205
0.049719592476341015,0.00916645613540594,0.06406434397802101,0.40909674747677693,0.11559624113643252,0.5909032525232231,0.1155962411364325,0.8746966794300213,0.033291952806782266,0.01893118770880631,0.5909032524916971,0.1155962411364325,0.8746966793984952
0.04532787917639711,0.00698020841579951,0.05717458857568352,0.4003922983719041,0.16248546633146765,0.5996077016280958,0.16248546633146765,0.8455838080256418,0.029930459560337342,0.024699416896463086,0.5996077015943688,0.1624854663314677,0.8455838079919148
0.04841607297563179,0.010107716124907616,0.06750480260001136,0.3635762834855826,0.13284227875597926,0.6364237165144175,0.13284227875597926,0.8788186937980484,0.024395502457742434,0.014155507481679302,0.6364237164828914,0.13284227875597926,0.8788186937665223
0.04931512044611007,0.009342018115693065,0.06191212383525247,0.46305459411123956,0.12466428608965958,0.5369454058887604,0.12466428608965958,0.7744004805334107,0.04252550891151799,0.02313512870011328,0.536945405859144,0.12466428608965961,0.7744004805037942
0.05439794738833607,0.00783244756276661,0.06541437735871913,0.43433379961257623,0.12268940218814962,0.5656662003874238,0.12268940218814962,0.766269258445142,0.041271549777085484,0.02430320699917396,0.5656662003595783,0.12268940218814961,0.7662692584172964
0.07731836560136089,0.012354248801164529,0.09569646842760354,0.4318608288505892,0.16225141723531292,0.5681391711494108,0.16225141723531292,0.8780421701555151,0.05375872352737575,0.03598332945492708,0.5681391711309784,0.1622514172353129,0.8780421701370832
0.046577232672069424,0.007186637536091833,0.05956200746866224,0.4794021610773711,0.10848977018803047,0.5205978389226289,0.10848977018803045,0.6969660519079738,0.04033328077955265,0.022782961672632367,0.5205978388885895,0.10848977018803047,0.6969660518739343
0.04773289005313208,0.008468692504341896,0.06285785131404732,0.3768773116895215,0.15784603670922842,0.6231226883104786,0.15784603670922842,0.8586818205495671,0.028157480480399618,0.026132759324208672,0.6231226882799045,0.15784603670922837,0.8586818205189929
0.07620630962074851,0.010457921450519053,0.09247989989072977,0.42886604617342894,0.0937545456023663,0.5711339538265711,0.0937545456023663,0.7213232608677228,0.05270839747103907,0.023460440562222712,0.5711339538074384,0.0937545456023663,0.7213232608485901
0.05201779928542499,0.006529698503499956,0.0617391210194832,0.43316443704161023,0.1390540900035644,0.5668355629583897,0.13905409000356436,0.7429150518916553,0.03759965909247996,0.0230531804441169,0.5668355629271804,0.13905409000356436,0.7429150518604462
0.03783377329201032,0.005143280568642047,0.045078631108748796,0.42331366150692895,0.08628853240203882,0.5766863384930712,0.08628853240203882,0.6992037345485588,0.02412270209606968,0.013703860795994725,0.5766863384477933,0.08628853240203883,0.6992037345032809
0.060396553987995275,0.008950086341690354,0.07975493130983703,0.4429199096412837,0.10223925392461793,0.5570800903587163,0.10223925392461793,0.7009750643845887,0.04372202764572507,0.024355359021179333,0.5570800903311949,0.1022392539246179,0.7009750643570672
0.06880084394918796,0.01171827133406087,0.09200132381547613,0.4328022911675288,0.13682110837579617,0.5671977088324712,0.13682110837579617,0.7688226294986725,0.053101667134938926,0.03572827772341146,0.5671977088107565,0.13682110837579617,0.7688226294769576
0.04784237927634272,0.00855235155912076,0.0655877415930687,0.31990838891389367,0.14931584398849956,0.6800916110861064,0.14931584398849956,0.8837481427231124,0.020536995798089815,0.014067073779626446,0.6800916110556915,0.14931584398849962,0.8837481426926979
0.04951645310726292,0.009451715114756653,0.06511933897034851,0.3957615130519827,0.12532716297059865,0.6042384869480173,0.12532716297059865,0.8094628673240432,0.030015757290020303,0.018534760120230913,0.6042384869195253,0.12532716297059862,0.8094628672955512
0.049270775240889436,0.006473376590087889,0.05935800614055019,0.42673670218453463,0.10013845803569206,0.5732632978154654,0.10013845803569206,0.7820825210419122,0.0341006845280961,0.015411899302163311,0.5732632977829927,0.10013845803569207,0.7820825210094394
0.04362779123259954,0.008370560126935246,0.05943040309293113,0.3660043128661573,0.10760462878224208,0.6339956871338427,0.1076046287822421,0.7838304206654623,0.024657683413581395,0.019070980955601863,0.6339956871002719,0.1076046287822421,0.7838304206318917
0.07371378975432982,0.009412152741189348,0.08811906922458938,0.49185505971554766,0.09827632748536577,0.5081449402844523,0.09827632748536576,0.6345307942150668,0.06579228880161042,0.035824466504640766,0.5081449402642788,0.09827632748536579,0.6345307941948931
0.07241712586503685,0.010976619337269913,0.08958770577782647,0.40205063156586524,0.14188301211295717,0.5979493684341348,0.14188301211295717,0.7933261467260018,0.04680984233551536,0.03318527046717536,0.5979493684155268,0.14188301211295715,0.7933261467073938
0.052596323668995776,0.008163533103322922,0.06856253590077174,0.4324463371902071,0.12390393985635792,0.5675536628097928,0.12390393985635792,0.7680773817301159,0.04206318016892628,0.02627757048763821,0.5675536627821094,0.1239039398563579,0.7680773817024321
0.06412773544323049,0.007700058602290495,0.07594979380263782,0.4807930630064132,0.12857285348101755,0.5192069369935868,0.12857285348101755,0.6814741714284012,0.05075872477754305,0.02663902513902666,0.51920693696737,0.12857285348101752,0.6814741714021842
0.0658213167480422,0.011321135444698645,0.08055188655514824,0.4169603309003747,0.11038890666824325,0.5830396690996253,0.11038890666824326,0.7308925081646889,0.0464942846913979,0.026779311171276368,0.5830396690775712,0.11038890666824326,0.7308925081426347
0.06543604676360962,0.011454978352505382,0.07795242954864194,0.41991893096062205,0.14926910530384616,0.580081069039378,0.14926910530384616,0.8305047209422991,0.04186733111135389,0.026346760510058048,0.5800810690180037,0.14926910530384613,0.8305047209209246
0.04019827056033431,0.006275764144385402,0.052589105819000184,0.42476253923616997,0.10138077133616195,0.57523746076383,0.10138077133616194,0.7311008677155382,0.025156534987224415,0.009899967426966154,0.5752374607234947,0.101380771336162,0.7311008676752029
0.05082514124313492,0.007582091930442317,0.06663395906537943,0.44855496401482986,0.10438917606880621,0.5514450359851701,0.10438917606880621,0.7298235101506145,0.03633567199742137,0.019770004569994132,0.5514450359542782,0.10438917606880622,0.7298235101197225
0.05002769358253212,0.008574277827474996,0.0633828057639429,0.41502745414613557,0.10103988737384495,0.5849725458538644,0.10103988737384494,0.7440197510662575,0.034047261466564394,0.018332442931700513,0.5849725458239281,0.1010398873738449,0.744019751036321
0.05394143380067121,0.008479929978711859,0.0641548177846018,0.39605901033912105,0.10050519406590297,0.603940989660879,0.10050519406590296,0.7692635517570938,0.03077348805055249,0.014338664198753629,0.6039409896304642,0.10050519406590298,0.769263551726679
0.050508077488803094,0.007440416781326767,0.06332603066795155,0.37955396810202535,0.10288689338928181,0.6204460318979746,0.1028868933892818,0.8292390367584158,0.02877351152401007,0.0163332082738025,0.620446031869967,0.10288689338928181,0.8292390367304083
0.05345494557919417,0.008193550816412293,0.0651643140311494,0.4426864466889049,0.10339104104153059,0.5573135533110951,0.10339104104153056,0.6941723034368208,0.03872119892041983,0.019639438075514933,0.5573135532808396,0.10339104104153056,0.6941723034065652
0.06894720773073748,0.010861181662959199,0.08947785196982368,0.41613223596694937,0.1785227805994512,0.5838677640330505,0.17852278059945123,0.9126271723441031,0.05576112502688068,0.03937663737571156,0.5838677640132228,0.17852278059945123,0.9126271723242755
0.06381589678232037,0.01044403421913513,0.08352462136425583,0.3998323320729107,0.12046392973815873,0.6001676679270893,0.12046392973815873,0.7787134476929787,0.03780825589823891,0.026980974530083638,0.6001676679045279,0.12046392973815875,0.7787134476704175
0.04280953627611239,0.0063398705887304126,0.054165361079473326,0.4103593849828581,0.10288945121315753,0.5896406150171418,0.10288945121315753,0.8275296945808095,0.026325455752663006,0.013002863807456312,0.5896406149760511,0.10288945121315757,0.8275296945397189
0.054571293103001774,0.006599971221740714,0.0660342072737283,0.4436953505970987,0.08711644894779917,0.5563046494029014,0.08711644894779916,0.733156076731965,0.038411290640883056,0.014629285739403601,0.5563046493736052,0.08711644894779916,0.733156076702669
0.044173438356370845,0.006642935452537789,0.05603598838732842,0.4008711764103024,0.12543897917702626,0.5991288235896977,0.12543897917702623,0.8230428474817217,0.022645860981768413,0.011929165639564483,0.5991288235480042,0.12543897917702626,0.8230428474400286
0.04201771584853049,0.00797657674352858,0.061967877935523615,0.36760267414137854,0.15928083400816279,0.6323973258586215,0.1592808340081628,0.9018260711154474,0.024309506952466572,0.016493638150601987,0.6323973258250507,0.15928083400816276,0.9018260710818766
0.04493381258683126,0.006527064329571224,0.054475308888776185,0.41572513830883495,0.08558249169207337,0.584274861691165,0.08558249169207337,0.7073663436451889,0.027492852511595098,0.013692315942969567,0.5842748616529584,0.0855824916920734,0.7073663436069823
0.07538988615183027,0.01222171204432261,0.09708778457780175,0.49301834124943444,0.11078805021679983,0.5069816587505656,0.11078805021679983,0.6600453240690207,0.06969252138803914,0.038184608653675435,0.5069816587310847,0.11078805021679981,0.6600453240495397
0.06506638084190353,0.011029620539007783,0.07897463072117379,0.4508478807433112,0.11902792758528244,0.5491521192566888,0.11902792758528244,0.7354643102753502,0.0504812863838464,0.02785220470896225,0.5491521192348041,0.11902792758528241,0.7354643102534656
0.0395321314797905,0.006542429942988843,0.04923810101632137,0.41838455685159937,0.1270305221418331,0.5816154431484006,0.1270305221418331,0.813322753172232,0.026714994119082694,0.01633618131192907,0.5816154431061065,0.1270305221418331,0.8133227531299376
0.04413598177690529,0.006393239341166403,0.05315667718346929,0.44296689016306223,0.11478640905952081,0.5570331098369378,0.11478640905952081,0.8182043184496052,0.02945849303999087,0.015466331080325954,0.5570331097975123,0.11478640905952081,0.8182043184101797
0.04982587085704627,0.007472179344218587,0.06372974331508786,0.4226602476212444,0.106641001392783,0.5773397523787556,0.106641001392783,0.7632719919153736,0.03281807929241885,0.018597473494807993,0.5773397523472296,0.10664100139278304,0.7632719918838478
0.05266373685134602,0.009222813362518591,0.06687010802387575,0.41911459006310453,0.10141528711436112,0.5808854099368954,0.10141528711436114,0.731996110937742,0.037825494534676374,0.02352844233129694,0.5808854099079206,0.10141528711436115,0.731996110908767
0.06724425819599038,0.00758552791099341,0.07919456788759624,0.4238919678818549,0.09823312426230893,0.5761080321181451,0.09823312426230893,0.7368485750503799,0.04610971030361433,0.019604120538972408,0.5761080320967709,0.09823312426230894,0.7368485750290057
0.06496456437801885,0.011402350287989006,0.08417522669656323,0.4149363148056088,0.17003475404336268,0.5850636851943911,0.17003475404336268,0.8920181791227717,0.04459425490341885,0.03498585496811836,0.5850636851723371,0.17003475404336274,0.8920181791007173
0.04658013499369956,0.006450587545311039,0.0548406665577544,0.3813712730471345,0.10601421165324368,0.6186287269528655,0.10601421165324368,0.8178781970035365,0.025175794570615702,0.011792925273384325,0.6186287269157311,0.10601421165324369,0.817878196966402
0.07029775071645022,0.007775742668038772,0.08458587872124217,0.4301878016647154,0.1122582676684017,0.5698121983352846,0.1122582676684017,0.7666076461918299,0.0513185942151326,0.02629564014719888,0.5698121983132306,0.11225826766840172,0.7666076461697758
0.04839388967617714,0.008207458538455482,0.06273285714398572,0.44600156805137436,0.12130051545387686,0.5539984319486256,0.12130051545387686,0.717414763941998,0.03928360737499556,0.025992524101293966,0.553998431917575,0.12130051545387685,0.7174147639109474
0.040819300402878206,0.00657977044231804,0.056654545970452976,0.39407106406686604,0.10616721469427774,0.6059289359331339,0.10616721469427774,0.756047935744097,0.021742672768674046,0.01081786463688165,0.605928935889642,0.10616721469427778,0.756047935700605
0.046236623323685694,0.009278127689480062,0.061602356456892327,0.3974548087937692,0.15527189553161458,0.6025451912062307,0.15527189553161455,0.9274199142496012,0.026243826522972222,0.013866560462274219,0.6025451911734437,0.15527189553161458,0.9274199142168141
0.058671479282640826,0.008488726980506334,0.07242545355213621,0.4125047017947557,0.11714906120347265,0.5874952982052444,0.11714906120347265,0.7792153933250467,0.036784925213937815,0.022571997556193688,0.5874952981769137,0.1171490612034727,0.779215393296716
