layer,head,n,mean_fact,mean_hallu,abs_diff,p_value
30,12,40,0.0654665643263064,0.0698246424594727,0.004358078133166297,5.437042076078504e-13
31,8,40,0.07700383795757712,0.08084083450448123,0.0039120336616944,5.713594717676912e-09
31,9,40,0.06461413859105977,0.06837566824795037,0.00376152965689059,2.91396679594047e-11
31,22,40,0.06015938460467758,0.0638460947320848,0.003686710127407225,1.8133297018624572e-11
31,14,40,0.06108003390566345,0.0646767070503628,0.0035966731446993396,1.7259923346402826e-10
30,15,40,0.07649763960226982,0.07997480299179553,0.0035163709883530617,1.2491413515041878e-08
31,1,40,0.05596505589466481,0.05942946819886176,0.0034644123041969468,2.999590759820331e-11
31,25,40,0.056999711175320635,0.06023462353008489,0.0032349123547642535,1.694760913033456e-10
29,17,40,0.04184706819230475,0.04504821603439426,0.0032011478420895167,4.586818247646331e-10
31,0,40,0.05795308862685844,0.06106885399424193,0.003115765367383493,1.6383533002058566e-12
30,16,40,0.06312404343610142,0.0662187842834962,0.00309474084739477,3.90950058263778e-10
29,13,40,0.06940202725738245,0.07247205148931798,0.0030720290094730573,2.920940838335381e-10
29,28,40,0.05136102477818015,0.0542982540890304,0.00294645556329247,2.1840388971205652e-10
31,26,40,0.07115123613715649,0.0740687115371333,0.0029254081769660247,1.0651898364135112e-09
29,27,40,0.04394327855865022,0.046856971678380446,0.002913693119730229,7.786945897910476e-11
31,20,40,0.07368757801756556,0.07659709738081794,0.002909519363252378,3.852918222618448e-10
30,11,40,0.06995936906409994,0.0727598046746778,0.0028481811473647315,9.886119914000482e-10
30,18,40,0.052883438805113925,0.05571489615976631,0.002833468095201622,8.695311660626025e-11
29,31,40,0.04719292801846209,0.049997295370459265,0.002833442266931394,1.4483288202201969e-08
29,25,40,0.054409455568459685,0.05723047594920908,0.0028295869735497636,2.4717360676521415e-10
29,8,40,0.05213816405246474,0.054902609842263105,0.002764445789798371,3.538955644525303e-10
29,19,40,0.04629682013714097,0.049055413415736125,0.002758593278595165,4.064184424050096e-09
30,22,40,0.04229376190784023,0.045020614460647077,0.0027268525528068416,7.050843185788997e-11
29,16,40,0.05926821679090555,0.06198433248509807,0.002716115694192533,6.600226493757035e-10
31,12,40,0.07097652997402508,0.07334328127826095,0.0026858728614440946,1.8082322239753157e-06
29,29,40,0.04409373469622213,0.046571929023117895,0.002677755317675453,6.352386860555568e-08
31,13,40,0.05070239424948092,0.053335549801282744,0.0026331555518018116,2.2619737642512747e-10
30,19,40,0.07150296139017902,0.07410544215459132,0.0026260770984577663,3.0799723407598714e-09
30,13,40,0.04216176468649944,0.044731334654790206,0.0025738010100770535,4.423632232914008e-09
29,26,40,0.04866317599059788,0.051213188126770094,0.002555863997130077,9.7528121396249e-10
29,0,40,0.06902407771647469,0.07151758155571139,0.002544650325309368,6.1642833790429945e-09
31,27,40,0.06096186813693498,0.06345824549514023,0.002523768415367102,1.355773551945942e-08
29,14,40,0.06090997277348516,0.06343247231873658,0.0025224995452514318,2.6215443096080678e-09
29,18,40,0.039162633929002225,0.04167491574442037,0.0025122818154181535,1.394508326181607e-09
31,11,40,0.05233598386209333,0.05483817858122682,0.002502194719133481,9.226333244688513e-12
29,12,40,0.060549947456874496,0.06302889303060084,0.002478945573726344,7.300789102762043e-10
29,30,40,0.033000767262470934,0.03544453715885053,0.0024598414832957315,1.0111304710513237e-08
31,2,40,0.055140594774312955,0.05756396507577706,0.0024409893382747257,4.3134042546098e-09
31,24,40,0.049904067177287945,0.05226095566922769,0.002365595868998244,5.731863905153384e-09
30,29,40,0.06126794385577418,0.06363037336563619,0.0023633396098784445,2.3901936247436992e-09
31,10,40,0.06589943404890185,0.06823545527053383,0.002345998694200329,1.8394115613496702e-08
30,14,40,0.047806119479923484,0.05008496570701748,0.0022917247759648594,8.925968331571095e-10
30,9,40,0.06633110635193262,0.06858862328102625,0.002283175106771223,6.338892440749295e-09
30,21,40,0.04168757616802131,0.043916759596216506,0.0022291834281951916,1.5484083358705927e-10
29,6,40,0.05311333022597586,0.055272883657648195,0.0021919279676790786,1.8707074134508803e-08
29,2,40,0.06333534989458203,0.06547646266094995,0.00215022804906234,1.7943580775511547e-08
29,4,40,0.04564044347591496,0.04777925853717206,0.0021388150612571067,4.944339645592587e-10
29,24,40,0.03226760445680097,0.03430629131379885,0.002109629309774927,6.520684153183294e-09
31,21,40,0.0463587134920503,0.04844657312050992,0.0020878596284596247,1.8544050293230307e-10
31,23,40,0.06063636698731596,0.062587394736723,0.002033765936938106,1.0009342954861146e-07
31,5,40,0.05359263918992054,0.05558125361563267,0.0020141212032123955,8.588043588022762e-09
30,28,40,0.05959772477588202,0.06159166912407036,0.002008872148031751,1.9526513987201293e-08
29,20,40,0.0332852133289798,0.0352645969729323,0.0019891700741299944,5.721720766749052e-11
30,17,40,0.048205801986649706,0.05014566789772653,0.0019398659110768314,1.2853021619431968e-09
30,5,40,0.051596894740097286,0.0535197190405571,0.0019228243004598307,7.959430755123882e-10
29,15,40,0.05261834441497184,0.054478613912793426,0.00188709568764467,2.889555238382567e-08
30,25,40,0.046769476357248936,0.04863541701776597,0.0018659406605170312,1.3581445611856645e-10
29,23,40,0.03967634315353015,0.04149172815037892,0.0018153849968487712,3.0098814015730543e-09
31,17,40,0.04926797276235824,0.051027724284605266,0.0017989478760639306,1.5231280632366025e-08
29,11,40,0.03768260057799148,0.03942048009238411,0.0017639124296764809,1.5879105327599045e-09
30,7,40,0.03861512297981018,0.0403125112585916,0.0017268550190325132,2.5007404233283287e-09
31,7,40,0.04392394033491319,0.04554583614710601,0.0016327614262853303,3.1355096372890766e-10
29,21,40,0.03666403349135435,0.03829124628359467,0.001629023451582471,6.063259293151595e-09
31,28,40,0.04904851934708265,0.050639542986715344,0.0016093360336568504,1.0069813634200221e-07
30,23,40,0.04738078303802681,0.04875516960575512,0.0015806300451564601,1.8389991852867426e-05
30,27,40,0.037352879775869555,0.03890141908831892,0.0015507327636216741,4.605549753594699e-09
29,22,40,0.04429612749144389,0.04583359049264945,0.0015423613995306812,9.90416260646549e-10
30,24,40,0.03965946870066371,0.04117938614648268,0.0015318262297456195,8.672119627481651e-09
29,7,40,0.029194949342301112,0.030656976372040727,0.0014647173029516604,8.208956994135689e-09
31,30,40,0.042404896766998025,0.04378665852285492,0.0014195769253616845,3.915040756024095e-08
30,0,40,0.039191645188431525,0.040584758995365046,0.0013966756561398924,3.5071697363547285e-10
31,19,40,0.04254472034205918,0.0438617636312459,0.0013696204918926297,3.513013113690432e-08
29,1,40,0.0354606427797316,0.036745321445265336,0.0013262830471722075,1.9080587627533197e-07
31,16,40,0.05129695293287939,0.052502943613871825,0.0013154838697234383,1.8861777826468565e-06
30,20,40,0.0554444129667158,0.05658245396689497,0.0012548792814319203,3.0046074068124185e-06
30,31,40,0.045494923958755845,0.04661205305893901,0.0012436733406977964,1.4449163546410074e-05
31,15,40,0.040923490380037224,0.04207883485210001,0.0012329907244642943,4.970745232264359e-07
29,5,40,0.022289786776815063,0.023464054195448492,0.0011812358830017304,1.0279364369018408e-08
30,30,40,0.03406596739324778,0.03520374023938984,0.0011569320524771648,4.2269387620052654e-07
30,6,40,0.03860203336575037,0.03970183548375187,0.0011131391498416972,8.828700698780469e-10
30,26,40,0.042282126632076165,0.043258484961200314,0.0010596188196002013,6.83234677977502e-06
31,29,40,0.04320249276122736,0.04420726734158672,0.0010410931751429792,1.3141035957464252e-06
30,10,40,0.049448945307684546,0.05036465835748612,0.000977065034541715,4.596364274055478e-06
31,18,40,0.040787634581500073,0.0416655180534965,0.0009476928760746954,4.812192303126876e-06
31,3,40,0.037921377860549596,0.0384135432836523,0.000868062994337748,0.00786627194989176
31,6,40,0.049940325703190416,0.05063684125071262,0.0008299900662242362,7.758985119090458e-05
30,2,40,0.04532814963544794,0.04576769441917118,0.0007617529314272875,0.004721932968287203
29,9,40,0.04113459801391195,0.04149808543798268,0.0007473521739484686,0.044242870305836034
31,31,40,0.047769614621222124,0.047756000977034904,0.0007324935308921978,0.9329274541069958
30,8,40,0.04207487234918904,0.0417376519681816,0.0007277030594717548,0.03145880360884867
29,10,40,0.04187534802727147,0.04207343629343491,0.0007195365200214995,0.19932717807061573
29,3,40,0.028104482862229684,0.02852756092712936,0.0007053869746551546,0.0069239245447401
30,4,40,0.03516625205512161,0.0350862115749646,0.0006836521399433463,0.6128584269135927
31,4,40,0.05084673713422685,0.050686432271231166,0.0006607960627752383,0.2603769039990592
30,1,40,0.04191724062675515,0.04188195479376704,0.0006185648113327867,0.7823052611957932
30,3,40,0.03743695064263181,0.03769679981727345,0.0005853659893002829,0.021445751270274215
