Oh,eta,mean_corr,DEF,Xi,date
10.94274640713322,0.43332455558187466,0.3787133137595574,0.2666218013558243,0.22469001883952205,2022-01-31
10.169963003679674,0.3973871973197759,0.3369152811751694,0.3024279747570768,0.2535937240656271,2022-02-01
9.591737229342757,0.3787888833258547,0.3150337378609533,0.2951376119830209,0.26998313660735873,2022-02-02
9.216956338883472,0.38192441519958853,0.3148044352549588,0.21367800275486828,0.26714757915940107,2022-02-03
10.308040122663707,0.39661345611800547,0.3387849198299916,0.31504666035230255,0.25425530255983847,2022-02-04
11.15371144580156,0.40294965102909364,0.3500951748686257,0.4346400361700172,0.24888801284853634,2022-02-05
10.899846204463765,0.40508389134387734,0.3455702832256923,0.3958225478288636,0.24710576149894228,2022-02-06
10.698180819485282,0.4008034064569779,0.34452871924161654,0.378984217265153,0.2506932519826866,2022-02-07
10.682712178826616,0.39932866648358467,0.34542724108067635,0.3695162286208126,0.2519412622069578,2022-02-08
10.846574160660513,0.3947728440133781,0.3419187313439962,0.42138023694884236,0.2558360413627029,2022-02-09
11.078627294100254,0.4063369179524351,0.35001891098000426,0.4209050743876171,0.24606534184431653,2022-02-10
11.281388252616775,0.41680658838717466,0.357053129067696,0.4200840657746128,0.23754157013825636,2022-02-11
11.671022968304657,0.4301311043663367,0.37389470569425987,0.4028819848740863,0.22711921440724595,2022-02-12
11.122581370644333,0.429580714865647,0.3708307410949417,0.32914061153525853,0.22754053025646254,2022-02-13
10.757336384699258,0.4253660148600765,0.3601917576708869,0.3111799151861029,0.23079284176042977,2022-02-14
10.718940561965338,0.42852690797027015,0.3586998249751723,0.310785215779378,0.22834938743599856,2022-02-15
10.933363194838384,0.4315892949180402,0.3630516866633939,0.32563532613486684,0.22600675636869644,2022-02-16
10.865157033518946,0.4400023760019681,0.36531982516924427,0.29281841677976295,0.21969397635244345,2022-02-17
10.43124318543259,0.4501731629348039,0.37099264152509864,0.18012020534675569,0.21229727074713814,2022-02-18
10.571571687518873,0.4526825650374553,0.3737881036448447,0.1941065050641642,0.21051093799590426,2022-02-19
10.527033025295877,0.4514381107050284,0.37323967634977234,0.19633684589197672,0.21139492354285144,2022-02-20
10.647602301038045,0.45758210864275106,0.37937082770559366,0.19024898587918387,0.20706637644034157,2022-02-21
10.844366418896227,0.4612391373010831,0.375813663515384,0.22001365806870743,0.20453213523396366,2022-02-22
10.16486671963048,0.46248170008414446,0.3679462447694285,0.124249547990481,0.20367814496412132,2022-02-23
10.777611890404506,0.4778593665780826,0.38549033643780994,0.15151195134205067,0.19339986305136295,2022-02-24
11.424692718761294,0.4891239645927423,0.39998869747886595,0.2187390281509676,0.18620135482292238,2022-02-25
11.967652568320462,0.49513165939283965,0.4097563928307938,0.2870138341611889,0.18247240485918062,2022-02-26
12.118548713649263,0.49589141889303845,0.4138996710227461,0.3007088133784162,0.18200617595902477,2022-02-27
12.07327324244647,0.4934705341904211,0.4119694712882199,0.30592136903517303,0.1834959241086277,2022-02-28
12.336012536105548,0.48933559414278105,0.4148644645962974,0.35275642913532895,0.18606871141127948,2022-03-01
12.730272010008001,0.491846873574752,0.42179700587445496,0.38727857390199777,0.18450190726859475,2022-03-02
12.943798031015147,0.4980210499112898,0.42579687737059785,0.3924337504277346,0.1807056605335956,2022-03-03
12.889225890675927,0.496694863986073,0.4276772976459027,0.370521616216894,0.18151443514658802,2022-03-04
12.97478528772491,0.4983031117546147,0.4307063054001198,0.3779540969080313,0.1805341103677857,2022-03-05
12.427265102460852,0.4981734648193452,0.420355331059461,0.31508103474520693,0.1806129414699812,2022-03-06
11.494462037410589,0.5014611222428702,0.4198280170351232,0.14970587986634815,0.17862449006702039,2022-03-07
11.369935048381894,0.5011460761148784,0.4213257407735665,0.1318679045843096,0.178814085033285,2022-03-08
11.51769612176558,0.49986963227356396,0.420783267871409,0.1637836947386685,0.17958431139441308,2022-03-09
11.66977047151792,0.4996885150425251,0.4205398290453587,0.19469671938306846,0.17969386883442057,2022-03-10
11.773903736466272,0.5011470068943091,0.42155061054955406,0.2061811557819757,0.17881352459332422,2022-03-11
11.688231493059195,0.5009918379105773,0.4211078836500378,0.1928771089824278,0.17890697904985634,2022-03-12
11.489127926169001,0.5000969610965598,0.41945829260150025,0.16060910114313245,0.17944689518717424,2022-03-13
11.5797675920179,0.5011410865897963,0.421672970592999,0.16975369648209343,0.17881708935098065,2022-03-14
12.143791041889928,0.5063489437032257,0.4323681847736529,0.21346257224011841,0.17570861749925568,2022-03-15
12.6628876086476,0.5077961142456856,0.4348079045026097,0.2833383465776293,0.17485446324558335,2022-03-16
13.263435329196508,0.508240314342046,0.4386671799736532,0.3665241366559749,0.17459311963599883,2022-03-17
13.616636271778152,0.5107812878177898,0.44252015760730384,0.3997148029761947,0.17310563702756207,2022-03-18
13.774017447625717,0.5166783051701774,0.44753630343485795,0.4003295837996942,0.16970218110401353,2022-03-19
14.084750482936624,0.5220629930900715,0.45437936708890214,0.42527319159901844,0.16665289689050455,2022-03-20
14.26256038337003,0.5261195585147118,0.46113555602018014,0.43007156618021597,0.1643919526892999,2022-03-21
14.579489024808103,0.5261133397822942,0.4671976353333704,0.4676029507118174,0.1643953951440792,2022-03-22
14.826493924186614,0.5261899809322446,0.47016171466842605,0.49886603063929247,0.16435297453551181,2022-03-23
14.995383133654864,0.5281680185284743,0.47187525031537836,0.512667564719707,0.16326191651387412,2022-03-24
15.556123655290317,0.5321404974056744,0.4847118455844373,0.5594866317779369,0.16109258300470547,2022-03-25
15.479906239737492,0.5227722278164528,0.4883656104264567,0.576875133863519,0.1662553707948985,2022-03-26
14.316434729425175,0.4971320542165434,0.4530107988706746,0.5243412736402946,0.18124741547602183,2022-03-27
12.754077133318066,0.4710408849578017,0.40678465961246946,0.4302792518157064,0.1978916620601752,2022-03-28
11.05248193217616,0.4499181538695777,0.3724830429301176,0.2674865588019605,0.21247964678589618,2022-03-29
10.343963003572991,0.44033605161361367,0.36115581698475635,0.1920316339328306,0.21944727023036475,2022-03-30
10.408474644780808,0.4384209337218491,0.3594650251763518,0.2081725152699968,0.2208670077310944,2022-03-31
10.447893871044384,0.4416309677612055,0.35906688067942377,0.21110821433381488,0.21849248299418722,2022-04-01
10.481540010247068,0.4414620209830008,0.3570743130693084,0.2263836706081366,0.21861681737229316,2022-04-02
10.679678646605664,0.4473443895771365,0.3617558213723355,0.23830999596371044,0.21432913118648816,2022-04-03
10.871126172716968,0.45211454859809774,0.3667750153819729,0.2435249242019406,0.2109139632340418,2022-04-04
11.243347789272894,0.457698510917263,0.3784300736702903,0.2565341446099865,0.20698523042247652,2022-04-05
11.949776093862106,0.46074795935813306,0.3837161482343206,0.35581945431417517,0.20487069931345123,2022-04-06
12.653900149113223,0.4653465678263894,0.3972224624025527,0.4550604335031191,0.20172273791524603,2022-04-07
12.377924426764713,0.46028395257397414,0.3869417937949251,0.46519602493978723,0.20519104935024532,2022-04-08
11.858899018114686,0.4512210780014344,0.36909890704839515,0.4593164339217981,0.21154947023379966,2022-04-09
11.11224791253653,0.4346519372970822,0.34636579699195724,0.4366633205029081,0.22368796590222428,2022-04-10
10.755719663868586,0.42486161316578985,0.3419389390505611,0.4543187348137457,0.23118516949824663,2022-04-11
9.956851825210313,0.4071416473349644,0.3309318856837957,0.37514416864936756,0.24539946594755388,2022-04-12
10.3923467924618,0.41076051831889726,0.34540468735303836,0.34194259445665304,0.2424272212674305,2022-04-13
11.449031842045374,0.4278544704642888,0.366978081310256,0.427714619103643,0.2288670238627001,2022-04-14
11.378944678620377,0.4259704201975225,0.36318974984064206,0.42708498580494536,0.2303236071558673,2022-04-15
11.27495658189955,0.4238666624100299,0.3591259700070496,0.4306077688871949,0.23196100659136015,2022-04-16
11.139467124157393,0.4228014414892204,0.35507493172646776,0.4345860641914386,0.23279452475045387,2022-04-17
11.08238017606672,0.42108597423560856,0.35367866277705834,0.44711631296011584,0.23414315040897896,2022-04-18
11.172335157524662,0.4205067173506407,0.35392530276842693,0.46825458207401527,0.23460029917875966,2022-04-19
11.312015098839586,0.42222917541435545,0.35705541327568097,0.4711369007143507,0.23324354977213932,2022-04-20
11.286241004425875,0.42195004297361294,0.35692574495639023,0.44736906337835325,0.233462883462254,2022-04-21
11.305903064872629,0.4184506126623092,0.3556768915884928,0.44653348144575405,0.23623019312464966,2022-04-22
11.93203943897665,0.42242334564298667,0.3682412745698441,0.5180454381047408,0.23309109831225158,2022-04-23
12.586021250784022,0.4358742046931897,0.38348117821035715,0.5629369124250415,0.22276921726949078,2022-04-24
12.572920993472813,0.4353842318832831,0.3800392112014022,0.5633751935238481,0.2231370638715646,2022-04-25
11.93348476849279,0.426647532128165,0.36339951622251343,0.5118567887587849,0.22979905921970956,2022-04-26
11.12638093993878,0.41553662195683294,0.3454060137852997,0.44331533691313935,0.23855955674832596,2022-04-27
10.594137876543117,0.40224999259226857,0.3280841251821758,0.42085909721537323,0.2494750735622159,2022-04-28
10.792161829668112,0.4066383850239229,0.3335158548911751,0.4325279437960626,0.24581568056662126,2022-04-29
11.033472793263392,0.41653565535917436,0.3458485652056396,0.4174913696032365,0.23775838096581792,2022-04-30
11.538984083954567,0.41864220072627767,0.3550963048115075,0.4985900881116611,0.23607784221737063,2022-05-01
11.586367094102423,0.41794027051862637,0.35926698849492583,0.5132300436036206,0.2366364973381881,2022-05-02
11.495926970062879,0.41608144766384003,0.3577093289080729,0.50992079030136,0.2381222991473473,2022-05-03
11.30562106867775,0.4151140035254286,0.35519078622775546,0.49876326049095265,0.2388992880634189,2022-05-04
11.32468990564684,0.41543913978178293,0.35610842628275874,0.5058072064246765,0.23863787709177045,2022-05-05
11.42767847576032,0.41735611314985,0.3568280055852955,0.5241885644362307,0.23710242668497847,2022-05-06
11.356636726539646,0.4194359833624983,0.35558936969293814,0.5421901279038482,0.23544767209241824,2022-05-07
11.120438390247566,0.41854850395799914,0.3534898653572102,0.47923538973824265,0.2361523376461287,2022-05-08
10.478683701441602,0.40955770308827,0.34156342507298415,0.40774115324896837,0.24341109953770435,2022-05-09
9.809977051624536,0.4053807474508878,0.32773447772002356,0.37052985421293316,0.24685887741719365,2022-05-10
10.206947130373099,0.40942373950303856,0.33311079743122535,0.41356887778375173,0.24352092584217314,2022-05-11
10.808918844308696,0.4186652112398842,0.34358102741780017,0.45477836612016725,0.23605955085781466,2022-05-12
11.379536765157267,0.4219518902610728,0.3506792802756852,0.5153520383576412,0.23346143124280436,2022-05-13
12.004994511915637,0.4231139021477689,0.3567146283838386,0.560243321601336,0.23254971938786603,2022-05-14
12.596898617670519,0.4378868794238041,0.3759223153366867,0.5553417325712325,0.22126455437644887,2022-05-15
12.982896914088041,0.45177023585485543,0.38824377115690367,0.544720431101815,0.21115863929884202,2022-05-16
13.409412381173185,0.4681608581080072,0.4036613003425441,0.5339884609119995,0.1998201320274321,2022-05-17
13.273143902902513,0.4709796420371163,0.404023615369062,0.5124825834054645,0.19793247608687353,2022-05-18
12.79102302935639,0.46495375201528866,0.3968391761992532,0.478340961564487,0.20198973858138033,2022-05-19
12.289938283958197,0.4553562382256905,0.38852121656932603,0.43154076104561956,0.20862420371927495,2022-05-20
11.908785426992578,0.4480681373279758,0.3767362767432747,0.4133868122676752,0.2138074314625028,2022-05-21
11.411450226311523,0.4485521678793577,0.37274944954862704,0.3562241379480688,0.2134592361110804,2022-05-22
10.890779350772032,0.4495752882993054,0.365494101797468,0.2689377939096704,0.21272510253679677,2022-05-23
10.881006232263648,0.447705420270611,0.3620350146457283,0.26677424832498164,0.2140687301892815,2022-05-24
10.97467872718948,0.4501700335985819,0.36466645877730414,0.254045031007168,0.21229950782035759,2022-05-25
10.652812619002255,0.44703938045797753,0.36289452405181893,0.20157280559654012,0.21454937227332538,2022-05-26
9.942263458033118,0.43987703050747373,0.3615300519993297,0.10291816402938903,0.21978672333853597,2022-05-27
9.69410551219212,0.432296028635745,0.3566664463069082,0.10227052713801785,0.22546954914233636,2022-05-28
9.918994866218622,0.4256951687137712,0.34910821775047485,0.19956292513446236,0.23053718228317918,2022-05-29
10.101639161208997,0.4221239542236326,0.3439867259287265,0.2552926510376508,0.2333262051407382,2022-05-30
10.339359101749723,0.4261503426083876,0.3476909225957511,0.27899036569041047,0.23018410740391743,2022-05-31
10.515249710497004,0.4313411183946648,0.35487780972113864,0.2878690214672338,0.22619570548727522,2022-06-01
10.468802806216354,0.42871297277047593,0.3555447563314028,0.2787214275066291,0.2282063633104759,2022-06-02
10.562703830748518,0.42656756305236154,0.35895686025358053,0.27718346414054434,0.2298609477359116,2022-06-03
10.77132907467339,0.4253300856411206,0.36469985709870983,0.28947998656326746,0.23082076576209934,2022-06-04
10.805779822931616,0.4253612009438483,0.3662508349172029,0.29465611566054206,0.2307965829150308,2022-06-05
10.728450589460824,0.422122335381789,0.36329734750562953,0.3059189392682216,0.2333274770332057,2022-06-06
10.945193961746485,0.42216083195523335,0.3647007543221445,0.3530664779544634,0.23329723290404,2022-06-07
11.146283796044159,0.4151521201350866,0.3630753646088818,0.4274868231001671,0.23886862733119868,2022-06-08
10.69413987311202,0.4050033274898903,0.349576760386006,0.4380920560766104,0.2471728060191595,2022-06-09
10.177127301208163,0.39607197411014117,0.33426454683443685,0.4288108781374214,0.2547193168049031,2022-06-10
9.716720317365413,0.391344308663951,0.32173849298905227,0.3821790368590001,0.25880675632788663,2022-06-11
9.784937601446325,0.3877494557582579,0.3209263131665917,0.3447311027923138,0.2619586329659084,2022-06-12
10.280336120939676,0.3848049063023725,0.3220017817718843,0.3993422885720355,0.26456891642613667,2022-06-13
10.973046544979479,0.39576493352687947,0.33607216364855763,0.4573906390603165,0.25498280639583715,2022-06-14
11.751540181171723,0.41094465945284164,0.3575372130016675,0.517143402304587,0.24227694900242053,2022-06-15
12.259487840655755,0.4217244763568093,0.3709215443691441,0.5508433680278744,0.23364027744645763,2022-06-16
12.725171453430876,0.4288792700857126,0.37828105294779557,0.5873788018050967,0.2280786098508835,2022-06-17
13.371570089042896,0.4390873252551307,0.3949392562075044,0.6235833674324832,0.22037195163032408,2022-06-18
13.446037475030241,0.43963690674017997,0.39638232833911013,0.6185093795679519,0.2199645076628176,2022-06-19
13.472694121462109,0.43968361505502007,0.395128716698791,0.6432174480208819,0.21992991420855745,2022-06-20
13.713936947818931,0.44170609164205576,0.3968061035006996,0.6907080309602794,0.21843721917964098,2022-06-21
14.04609853694023,0.4495999105290652,0.4092645764499353,0.7101391815713123,0.2127074661591358,2022-06-22
13.554768102997784,0.44274870851177994,0.39920724041423244,0.6876428747849264,0.21767167453654787,2022-06-23
12.941911842063183,0.4315598668542767,0.38410954678984155,0.6479818128372083,0.2260291531650551,2022-06-24
12.786302567277076,0.42662134817974695,0.3806319082259964,0.6237604017550598,0.22981932128924648,2022-06-25
12.699231460074069,0.42108400897209564,0.37859148161132533,0.6176597809681008,0.23414469988535128,2022-06-26
12.315741834885852,0.4149738791602635,0.3736947422613341,0.6140313276677881,0.2390120369466446,2022-06-27
12.059590097547263,0.4111976349613323,0.365252486595229,0.5924722829660036,0.24207065486616014,2022-06-28
11.796917128258732,0.3992055342970888,0.3547008943167956,0.5725613132018922,0.2520457443813079,2022-06-29
11.812167390425165,0.39554826348121885,0.3515712500131935,0.6000367011383047,0.2551689077283135,2022-06-30
11.826912008434647,0.39268439248858567,0.3506666972712655,0.6438733532070089,0.2576415325246161,2022-07-01
11.621371448982307,0.3888746704226713,0.34904854720425177,0.5781435996094328,0.26096796783902937,2022-07-02
11.179713298032805,0.38045989383324985,0.3388648370133765,0.5273764379700726,0.2684682650079704,2022-07-03
10.548174411196465,0.36922011383672937,0.323157865761042,0.47508004403866805,0.27882389383547085,2022-07-04
9.993008297787107,0.35722831866933,0.31198559089418637,0.4337027503830769,0.29031318818368906,2022-07-05
9.656375430440695,0.3513790788432015,0.30751763914106783,0.40425708614414196,0.296087915003801,2022-07-06
9.326224190926762,0.3449481766262499,0.3036755476749335,0.37059848688470937,0.30256955066326974,2022-07-07
8.908158113297626,0.34170608148270987,0.2975594300780537,0.3207012817499636,0.30589082708115245,2022-07-08
8.379629803633932,0.3363160689893918,0.29153006117787045,0.25844233523634175,0.3114933627575252,2022-07-09
7.9210465250086814,0.3305295641746403,0.28450359288140453,0.20717076985804161,0.31762228829881484,2022-07-10
7.491163912301515,0.3230727843543242,0.2766706234914357,0.17927720267141298,0.3256984937992184,2022-07-11
7.407985357269379,0.32017763150298795,0.2754875323229331,0.19113006494490323,0.32888920261931087,2022-07-12
7.622344632456983,0.3304738453530248,0.28585905571505116,0.19215028523517047,0.3176818867409951,2022-07-13
7.810058990323999,0.3383305934973061,0.29061535708349023,0.20765677361998472,0.3093874981804891,2022-07-14
7.177921236486798,0.33046487369258093,0.27870766688991233,0.12068115579768933,0.31769148413035453,2022-07-15
7.197656670578675,0.3229681253972234,0.2715862611472513,0.15949970046340728,0.32581329593142744,2022-07-16
7.2859195257402325,0.3223527331408995,0.2687841564873167,0.19606535478729842,0.3264891487895333,2022-07-17
7.498701211004913,0.32442126190826215,0.2701843078806083,0.2275319061773976,0.32422293978427963,2022-07-18
7.415180186211018,0.31782513885267905,0.2687643875451171,0.2177615689923507,0.33150485749084696,2022-07-19
7.302970247587734,0.3087879487508999,0.2619945172178917,0.2782800649286632,0.3417479083335278,2022-07-20
6.905201335681665,0.3079213756846072,0.2566525559740392,0.1876962295365417,0.3427465877890871,2022-07-21
6.894307600715313,0.30517175309336186,0.25168119770378544,0.22038770055840637,0.34593474385169637,2022-07-22
7.546013201483766,0.3089685994374377,0.259280253698855,0.3610704611966491,0.34154008482656434,2022-07-23
7.98974575709132,0.3067189908470068,0.2580834945253906,0.4661147495056273,0.3441371082466296,2022-07-24
8.357320789539571,0.3191981704119775,0.2703108380124705,0.4213323709959665,0.3299757144375236,2022-07-25
8.22283729315511,0.32379244227961657,0.27411180927513024,0.36537758711793394,0.3249101838128899,2022-07-26
8.318573580729524,0.32509808941716545,0.274108185198382,0.44480800099135437,0.32348485166959545,2022-07-27
7.408069948434585,0.3168231759040565,0.2568338141539884,0.28780338377744336,0.3326252125287498,2022-07-28
6.596130709262531,0.31111077140218657,0.25397156944765503,0.11271521982777673,0.33908530880003657,2022-07-29
7.309498502514193,0.3164750499015473,0.2655373699104215,0.20653668572797962,0.33301535881294053,2022-07-30
7.869683773390167,0.32122852812105274,0.27649320135787747,0.2542852851283037,0.3277274258320068,2022-07-31
8.237673564360005,0.32572095655362887,0.2809188716209526,0.30029290218524013,0.3228070926938872,2022-08-01
8.31743302733082,0.3280542000360961,0.28116046421659113,0.3064741924331833,0.3202808245013652,2022-08-02
8.406139026046603,0.3292372659819035,0.28149514864629765,0.31695704661660923,0.3190074492807436,2022-08-03
8.565634565877671,0.33437043197609484,0.28750671740119255,0.31816609011043673,0.3135408222290609,2022-08-04
8.566322234669974,0.33310195123890685,0.2887828500315767,0.3079692916880091,0.3148829290511371,2022-08-05
8.52988989087324,0.33287695788729665,0.28721868470521716,0.3108394558109306,0.3151215807881074,2022-08-06
8.366266284017223,0.33923519004549474,0.2850006073348272,0.2862347739102082,0.3084465240428482,2022-08-07
8.158129108147277,0.3408361361107177,0.2846325208780056,0.2461766008187396,0.306788206214657,2022-08-08
8.10771501466234,0.3357395377494573,0.28107203446762435,0.2728632319726703,0.31209866814867115,2022-08-09
8.254875346495632,0.3277411280459991,0.2754867914435088,0.3864514391193557,0.32061864450505,2022-08-10
8.44055579125709,0.3302909210785141,0.28115854558746584,0.41256210142483557,0.317877626400302,2022-08-11
8.559334178498695,0.3384825427393223,0.28776880089610435,0.39970150478931016,0.30922923806776464,2022-08-12
9.028601798226894,0.35432056341268103,0.3041724625268258,0.3704141838048558,0.2931696851669485,2022-08-13
9.391846286145954,0.3631182565699852,0.31119366715939956,0.36150532603223406,0.2846120816717611,2022-08-14
9.996706250047273,0.37243984002258035,0.3237889966147155,0.40627431780777784,0.2758172771270608,2022-08-15
10.65696990137994,0.37788959306390923,0.33478626530129396,0.47360116218467313,0.2708019322593889,2022-08-16
11.015610772193387,0.3769482679695505,0.34071006661451525,0.5079283467094685,0.2716616604066472,2022-08-17
11.095516624575568,0.372966502038674,0.33842165200473817,0.5245982604401126,0.2753285688452445,2022-08-18
11.003119734300498,0.3653384906281555,0.33346632945984195,0.5335925997106351,0.28249220330370917,2022-08-19
10.674104250162841,0.35749979544668886,0.3227738765387642,0.5312964753584519,0.29004792178925504,2022-08-20
10.322995946426841,0.3494570451422424,0.31400728928038296,0.5137757334065394,0.2980104271828088,2022-08-21
9.96291137889948,0.3452342055898022,0.3064402495013795,0.4840229802101757,0.302278272868515,2022-08-22
9.598192073085642,0.34369874061316164,0.30528771831612955,0.42997055783918336,0.3038452091396505,2022-08-23
9.390131261312622,0.3411779354065295,0.304756416429629,0.39512489940831813,0.3064353147153195,2022-08-24
9.532622954540457,0.3396848997620596,0.3044296330186717,0.4366365344516162,0.30797979520200136,2022-08-25
9.80837198127137,0.3405482874425526,0.3095370464853891,0.47624734095145377,0.3070857114746962,2022-08-26
10.045415912701412,0.3436848499653804,0.31392991979145557,0.49973436105566416,0.30385942150364287,2022-08-27
10.175273711302541,0.3393013689682346,0.312028627420512,0.5599483825379065,0.3083777962404566,2022-08-28
10.421683588737748,0.34154477462605304,0.31488396529696994,0.6105458376063689,0.3060570222929585,2022-08-29
10.461406501221862,0.33865397382566553,0.3143148007420215,0.5954952078377299,0.3090507841627267,2022-08-30
10.52111582558801,0.33681335608540075,0.31526864597436866,0.5725276206853744,0.3109721996144152,2022-08-31
10.388588917899474,0.3343930746763719,0.310964626867387,0.5639352104807023,0.31351691732379106,2022-09-01
9.605079634853183,0.32063795987102706,0.2909177138497018,0.5284828524349597,0.3283797989374186,2022-09-02
8.754681089377321,0.31570567399566685,0.2810566385848714,0.4368963280698788,0.33387922565813555,2022-09-03
8.310209880867202,0.3116641385158383,0.27382419486612036,0.38983092549713677,0.33845406222688706,2022-09-04
7.929122039437497,0.30737879556269876,0.2643062893991772,0.356256182358599,0.3433733677249687,2022-09-05
7.488500538908808,0.3039459511329978,0.2623614419125141,0.2938192280549479,0.3473655881590229,2022-09-06
6.786723161907542,0.3010073351755491,0.2561569797205795,0.1800858679304696,0.35081989873892777,2022-09-07
6.493168071031411,0.3016204467681005,0.25797815893312914,0.13339471957950944,0.3500963683282404,2022-09-08
6.628732031793171,0.30629107582561665,0.2632807845065112,0.13411214894454254,0.3446333385001617,2022-09-09
6.6815353718978825,0.30762688566956675,0.2635875038865765,0.1461402141711881,0.3430866358754653,2022-09-10
6.671630554084525,0.31959004484590214,0.26924668599076806,0.12952481484484396,0.3295405797807866,2022-09-11
7.632280957349016,0.3264505160048593,0.2773346163316575,0.25641271967167417,0.3220150443595059,2022-09-12
8.710826433491915,0.34060970169155413,0.28883907876459336,0.3842396512963676,0.30702221273258107,2022-09-13
9.476714263321629,0.3505719069664759,0.29666332117221017,0.45689276853139016,0.2968937726169418,2022-09-14
9.914549412623582,0.3599100892814304,0.3078868577897346,0.4928003675416781,0.2877033701207177,2022-09-15
10.33093835205441,0.3667954567235111,0.3201657514930644,0.5017058914607768,0.2811096805510019,2022-09-16
10.65261680354931,0.3755938425278301,0.33306682424003753,0.49750953357361766,0.272903471277221,2022-09-17
10.506342139254476,0.38195941415177714,0.3346783037720927,0.44576683244940496,0.2671160971845907,2022-09-18
10.251795183790504,0.3843976121458652,0.3350165619071029,0.3891109117135575,0.26493201631628005,2022-09-19
10.023402919734842,0.38768396535679783,0.33737500606397164,0.3267880396252675,0.2620164079092159,2022-09-20
9.880393670380693,0.3890613417262101,0.3404847927186585,0.2710536784137963,0.2608039807903913,2022-09-21
9.498471470951179,0.39151442222493604,0.33918809169842734,0.1988810384138032,0.2586585483994369,2022-09-22
9.928391185558011,0.39545407781915576,0.3408924806930568,0.2998340003312437,0.2552498476336862,2022-09-23
11.65616811751522,0.4173756358510543,0.3787980296558469,0.45596898407193315,0.23708684038954317,2022-09-24
12.289040723252208,0.42687018182379954,0.3928472784767667,0.4951680846367309,0.22962683713830825,2022-09-25
12.696676642984144,0.4339199964033845,0.40166285641709676,0.5178008944644753,0.22423996098517202,2022-09-26
13.040722964538405,0.44053521520297123,0.407624092383768,0.5331950396236869,0.2193001488537532,2022-09-27
13.215617320561496,0.4415773970661724,0.4096042648676197,0.5536891158187183,0.21853190005388132,2022-09-28
13.476615022267053,0.4503119109727455,0.4164083622821574,0.5700907629369859,0.21219810742100179,2022-09-29
13.806903593850974,0.45988950857037747,0.4282785309278361,0.5841161434000943,0.20546376715488987,2022-09-30
14.490488758184028,0.4773648570402008,0.44969710178564093,0.6390321592376251,0.19372217302325662,2022-10-01
14.979836106417812,0.4866682050207718,0.4636769282608282,0.6827858605576216,0.18774748779202804,2022-10-02
15.196235050613426,0.49216023258062147,0.46888374196367155,0.6944025277779882,0.18430732860976579,2022-10-03
15.401609801419843,0.4975471079979078,0.4736506955075206,0.7058450497446158,0.18099427941480029,2022-10-04
15.613092235246755,0.5002731833469429,0.4791104589334492,0.7278333618750064,0.17934044434128543,2022-10-05
15.66933376365008,0.49972951185589454,0.4784273443018883,0.7330604488962498,0.17966906409573807,2022-10-06
15.37779088546776,0.48619686082503133,0.4620087666702499,0.7302782570213783,0.1880457088196968,2022-10-07
15.188710901027731,0.47915106684581465,0.45109671808012186,0.7165338925422898,0.19256048997111408,2022-10-08
15.603076292325229,0.48661494279598694,0.4652874950144615,0.7111845592733573,0.1877811632612732,2022-10-09
15.694911883553534,0.49192587182380476,0.4739505361577707,0.6986142016413103,0.18445283435591925,2022-10-10
15.867440208039895,0.49600173115501767,0.48108686683484736,0.7037841866950447,0.18193858158822146,2022-10-11
15.828948824630421,0.4931666071802201,0.4777356952498953,0.7173505396910502,0.18368381219465915,2022-10-12
15.777186255120174,0.492217421968011,0.4737933849047076,0.7308692368465685,0.18427183930389016,2022-10-13
15.643647154148374,0.4938566752631146,0.46941152946796366,0.7290496206474084,0.1832574883555134,2022-10-14
15.798981158110603,0.4994466705727266,0.4767147283539056,0.7339906308318082,0.17984026427164979,2022-10-15
15.675941196956884,0.4974083960878253,0.4738823203515663,0.7178113954980627,0.1810788387000017,2022-10-16
15.43897352593727,0.49096918066787487,0.46440348574147033,0.6942892087467218,0.1850480003159963,2022-10-17
15.805203925157763,0.4975634430553081,0.48541092361335386,0.7024498067272622,0.18098432410356857,2022-10-18
16.276411052518775,0.5036972881895752,0.4968362731198042,0.7371199796919524,0.17728452879090498,2022-10-19
16.97560106069065,0.5218812344599124,0.5159545420161129,0.7497315352274331,0.16675492552851942,2022-10-20
16.564593158812983,0.5152147228003314,0.5040302351539089,0.7238448887502772,0.17054059115394965,2022-10-21
15.792072795151906,0.5063772854857709,0.48041400036956006,0.6734662164725511,0.17569184951828587,2022-10-22
15.065598138584418,0.5000596015320565,0.46038092613678566,0.626016688892578,0.17946947115324205,2022-10-23
14.214528905239714,0.4987406111054339,0.43743759222393747,0.5419462759951623,0.1802683451780787,2022-10-24
13.49339764603453,0.49696033416796626,0.42425370298791254,0.4841608510517897,0.18135224887455356,2022-10-25
12.421894389412673,0.47976462915378415,0.40030220262643096,0.4459522474193725,0.19216306187305535,2022-10-26
11.873430610972315,0.470915221879748,0.3868894411412982,0.46786997077018483,0.19797541659866633,2022-10-27
11.914523113276909,0.46978038997233285,0.38574951102271215,0.4700306165330196,0.19873339028382384,2022-10-28
12.061866714286303,0.4697774324896954,0.3841812230722829,0.4780268091120895,0.1987353694236589,2022-10-29
12.101029353374315,0.4718020710120936,0.3835342626938947,0.4844540585254174,0.1973850877846764,2022-10-30
12.090655279232555,0.4717523942033883,0.3821939463667155,0.49893160278032755,0.1974181084351577,2022-10-31
11.831167314407885,0.47143824179085114,0.37887519065530717,0.468793738051133,0.1976270565158828,2022-11-01
11.605871076619037,0.46900242046666685,0.37499911064267083,0.43957079818907024,0.1992546854079116,2022-11-02
11.548987771884685,0.46798279471733584,0.37443973897343097,0.43555126167203206,0.19993997852850848,2022-11-03
11.654564439923847,0.4699503996620128,0.37876900094975763,0.4331497239104169,0.19861965335852316,2022-11-04
11.536032518432703,0.46521054476926815,0.37757648295306867,0.43684844483956403,0.201815154118355,2022-11-05
11.064520897646164,0.46315357233187904,0.37228456249588937,0.38986942457016716,0.2032178658947998,2022-11-06
11.248125380222001,0.46931965428830147,0.38072516847239424,0.3507588012429177,0.19904195118673132,2022-11-07
11.015515333633687,0.46678483326390763,0.37705412696852025,0.31030576962097894,0.20074814345835088,2022-11-08
10.870689573978568,0.4562461105695004,0.3665297469314989,0.3270534962358408,0.2080000045836776,2022-11-09
10.710582103637975,0.45023612918398725,0.3557184374868393,0.3559870041933955,0.21225226298007036,2022-11-10
10.887771203928935,0.44985890067359435,0.3579746803383908,0.38220275704363604,0.21252204560053703,2022-11-11
10.546522975961587,0.4528433964865113,0.36127397329871197,0.27018388164915075,0.2103969630698062,2022-11-12
9.89811743768587,0.46633924328593435,0.37417839246212214,0.04514603800581371,0.20104957873784274,2022-11-13
10.582456735378884,0.47994656249276035,0.37174959852882133,0.13451130918306428,0.19204537434254262,2022-11-14
11.742762774001843,0.4941169972609115,0.3743964433749354,0.28544707599839475,0.18309691867702088,2022-11-15
12.549129202835756,0.5087009029586342,0.3904350386207881,0.3451846455823908,0.17432254638529499,2022-11-16
13.55329685408191,0.528148077245165,0.4241980415031972,0.39992201489827944,0.16327287962579057,2022-11-17
14.914363307467198,0.5489364337475333,0.4688430388683722,0.49846730955391627,0.15223454077648485,2022-11-18
16.722852995007436,0.5668143226608373,0.5214687341162301,0.6401091532818054,0.14334040015828364,2022-11-19
18.30723393218573,0.5876479327568958,0.5766226628604383,0.7420777303482194,0.13362926597790736,2022-11-20
19.360816201905262,0.6061953645183997,0.6186328502244568,0.8011516374948368,0.12553876611321652,2022-11-21
19.83851592746974,0.6139691530004239,0.637137902146297,0.8341714035871632,0.12229522011711176,2022-11-22
20.032214250132927,0.6165093858163497,0.6436523333894388,0.8406661833020735,0.12125360281321179,2022-11-23
20.087453321109262,0.6194225073226918,0.6452313988608334,0.8360120135571698,0.12006999944243847,2022-11-24
19.93765826540013,0.6154215067232088,0.6389467288207167,0.8299530549845232,0.12169859486477012,2022-11-25
19.928464145855205,0.6163869950810699,0.6381775271574983,0.8264240218748311,0.12130358485153085,2022-11-26
19.916528196814802,0.6160235061936024,0.6372553359577143,0.8279063141674549,0.12145214826047307,2022-11-27
19.826152511147438,0.6117897882550878,0.633296255285223,0.8314291388236846,0.12319599278649503,2022-11-28
19.800954539040163,0.6085136414499995,0.6314066444796909,0.8417112127193871,0.12456258495028057,2022-11-29
19.33393928295133,0.5933628983523561,0.6132301123704985,0.835537293008392,0.13108229263353377,2022-11-30
18.85723242873976,0.5771135285703568,0.5927790504848085,0.8355208381268302,0.13845449962968753,2022-12-01
18.395303658136225,0.5590041395960714,0.5690268897342896,0.8209032471132799,0.14716014552112952,2022-12-02
17.78230673793184,0.5442649481276264,0.5388414022461105,0.7901294346041259,0.15464816554290164,2022-12-03
17.203198566994118,0.5308633153247766,0.5217292498751666,0.7794571206474182,0.16178687769398847,2022-12-04
16.902470555498418,0.5232809365113861,0.5132735926338488,0.7628946629249659,0.1659708236692665,2022-12-05
16.207905140803586,0.5077932925622648,0.4839142015832435,0.7415727022781198,0.17485612462315983,2022-12-06
15.009514938583145,0.48004107097512083,0.4424219419327255,0.6971182734533524,0.19198426792684803,2022-12-07
13.826695927578667,0.46153153933994995,0.4105125700799677,0.6043580646135286,0.20433085115033434,2022-12-08
13.076493948245213,0.445637366089095,0.3920813359016859,0.556277286471274,0.21556465393097007,2022-12-09
12.731031760445788,0.43045366669164953,0.38194238187494445,0.5866056124275142,0.2268726598949439,2022-12-10
11.747904936504346,0.4176952719461835,0.35874727903055853,0.5212054870235996,0.23683179889702266,2022-12-11
11.559604781110108,0.4075453633177144,0.3485918787151434,0.5393421353309641,0.24506608892342252,2022-12-12
12.025430111122072,0.41374432759844093,0.3568357707353715,0.5790046624833296,0.2400036612187281,2022-12-13
11.830851219531874,0.4174814654564598,0.3571642796976895,0.5450197477912209,0.23700236727284804,2022-12-14
11.556306739922558,0.4132827959563411,0.3517954174621054,0.5160174091926629,0.24037694415330793,2022-12-15
11.523779951520432,0.4119362701306891,0.3496315992040852,0.5259933864045512,0.24146932410261968,2022-12-16
11.80205573179737,0.4181090368342768,0.3562534996046675,0.5546112606174909,0.2365020583069464,2022-12-17
12.280956971742246,0.4289509891350025,0.3717978330498996,0.5819595203332928,0.22802353568683767,2022-12-18
12.951806324753498,0.43971425568450584,0.3921533082059618,0.6244166868920166,0.2199072238762463,2022-12-19
13.52684598793246,0.4478910686301326,0.41493734575812025,0.6574919183943996,0.2139349505925209,2022-12-20
14.001678915056253,0.45134084972553457,0.4303940908524874,0.6892235274075024,0.2114641680908069,2022-12-21
14.900265022723591,0.4646857686263317,0.46111041803046987,0.7266689023431634,0.2021720922137143,2022-12-22
15.384571662247616,0.4849937739037483,0.4797252196162744,0.6964490286074412,0.18880905528407427,2022-12-23
16.53533120945047,0.516781148543439,0.5069445301870188,0.7191626555925349,0.16964342272409966,2022-12-24
16.905755913965013,0.5282173751229806,0.5084206629993875,0.7585305498123704,0.16323478492293786,2022-12-25
16.640658203249373,0.5306480025051434,0.4891584648109301,0.7337444887904968,0.16190421926557483,2022-12-26
16.554540325286972,0.535632724620306,0.4872030080319759,0.6974910917119135,0.1592093316028434,2022-12-27
16.388522395387728,0.5377656709715181,0.48287240739161813,0.6661542481202345,0.15806994515681377,2022-12-28
16.117660918399388,0.5358260687821543,0.4787704384411154,0.6369668802943028,0.15910571258081857,2022-12-29
15.963452025374428,0.5316099491784215,0.4780354753272317,0.6261109591862561,0.16138063419854692,2022-12-30
16.106089458019785,0.5314294624995066,0.48073423450901415,0.6425683731504062,0.16147874341842341,2022-12-31
16.214625458567337,0.535546990044141,0.4842224705334691,0.6512938604471692,0.15925530096601564,2023-01-01
16.38855650159175,0.5417343611789358,0.4921571557672911,0.6544533526604042,0.15597158948035525,2023-01-02
16.688233647920423,0.5480228376388792,0.5026680166406755,0.6595745074758951,0.15270358836436954,2023-01-03
16.772397259218504,0.5505856783548118,0.5048462811297373,0.6572809434538948,0.15139145030925485,2023-01-04
16.716599331823843,0.5523217871308608,0.5057712867721068,0.6554292891517345,0.15050899904045054,2023-01-05
16.660408990892368,0.5519393727143995,0.505185496912769,0.657750764752265,0.15070293468916224,2023-01-06
16.649092288253406,0.552272815586906,0.5075199783011751,0.6532823155448656,0.1505338202730825,2023-01-07
16.500628858352204,0.5492492759575582,0.5044777809949924,0.6454179697059834,0.15207425643790465,2023-01-08
16.416130658368193,0.546008038394408,0.501913349976837,0.6427110281542402,0.15374311673510244,2023-01-09
16.35794048630413,0.5443512432464013,0.4994268837843867,0.6386029169676889,0.15460323422278474,2023-01-10
16.26986777009398,0.5461392041453088,0.49922460783411704,0.6245532884523084,0.15367522740885622,2023-01-11
16.188475510980105,0.5463781257604114,0.4996768628793239,0.6085302413497374,0.15355164237202337,2023-01-12
16.366646818474614,0.5497922666126318,0.506777590187848,0.6055480718956004,0.15179645636469058,2023-01-13
16.421028644458683,0.5508908423676291,0.5081077466976469,0.6061606005542286,0.1512359637609621,2023-01-14
16.380561043474003,0.552416736765729,0.5071736787515407,0.5994002968823557,0.15046088546698855,2023-01-15
16.105380123414147,0.5500647450179796,0.5008208203063771,0.58063907497368,0.15165724465281133,2023-01-16
15.889628699420296,0.5480711653901711,0.4941748092955402,0.5697709249101722,0.15267874034561754,2023-01-17
15.8498810478322,0.5464119932713922,0.4928180005837783,0.5696303895399205,0.15353413204507804,2023-01-18
16.00113790247011,0.5485313523762936,0.4972696636745089,0.5742327928288246,0.15244233476258717,2023-01-19
16.058432009935654,0.5516460637213603,0.5003440155233337,0.571241817843036,0.15085185119790648,2023-01-20
16.08812718610621,0.5561198304851621,0.5026382495449864,0.5667488075022042,0.14859637552040134,2023-01-21
16.41788147199857,0.5558090983324189,0.503352098313479,0.6200595498369181,0.14875193730248176,2023-01-22
16.97219738350493,0.5461019000417716,0.514758667748957,0.7073930627224281,0.15369453237400008,2023-01-23
15.581667239995056,0.5097329647083055,0.48008398008615427,0.6760160847997905,0.17371778216060876,2023-01-24
13.24991017917443,0.4664195502890536,0.40509855994934546,0.5490446546790011,0.2009952187763783,2023-01-25
11.06798657171833,0.4420088090318487,0.3604884921194229,0.34478182523024975,0.21821467104740297,2023-01-26
9.62412239401239,0.42799907016691696,0.3487018614810617,0.12808204932547557,0.22875561335132366,2023-01-27
10.083073155384724,0.4307733875696731,0.3530657139579673,0.21397204033955622,0.22662854140565314,2023-01-28
9.998979220762921,0.42399530661887386,0.34610144042690616,0.23317565715538385,0.23186054676191342,2023-01-29
9.737522265804305,0.4297088413227713,0.3489800694751006,0.15989115975926543,0.22744238141598755,2023-01-30
10.538222290260984,0.44671820448572597,0.3727173685787939,0.18938197243480004,0.2147815317589802,2023-01-31
11.909925572582466,0.4593462693657918,0.39220551829419587,0.35928924187557437,0.20583995512229306,2023-02-01
12.796172652019674,0.46982171382195037,0.40898636696062685,0.44789464803073836,0.1987057385307037,2023-02-02
13.310685009945876,0.4683558171613832,0.4137108218548049,0.5195773485344433,0.19968899619558353,2023-02-03
13.350413796071628,0.46621949905093585,0.40445902415436763,0.5421629235566089,0.20113066114128747,2023-02-04
13.306915533478717,0.4738589490686852,0.41561946978869174,0.48158430843625055,0.19602269906984165,2023-02-05
13.321893232003003,0.47249354324734016,0.41516398363742696,0.4883501236449894,0.19692603264683795,2023-02-06
13.323015246703442,0.46930004413367366,0.41328695814650723,0.4912844527532719,0.19905509499604992,2023-02-07
13.414870014811905,0.47320380740810264,0.41523715063686795,0.4977146681364069,0.19645561341950568,2023-02-08
13.368225115980179,0.47176996947356564,0.41316123165896973,0.49837093920667525,0.19740642535334485,2023-02-09
13.099156065417386,0.46778275831755867,0.4036222273063406,0.48931499795170125,0.20007469981390943,2023-02-10
12.770123957420791,0.4640667634996779,0.3956444468358936,0.47100003937338425,0.2025939338262376,2023-02-11
12.512308664889511,0.459522335656798,0.3883543928042321,0.4553030147984336,0.205717955514801,2023-02-12
12.676637290870152,0.45834299181781246,0.39556750594951867,0.4490748843405222,0.20653652685494844,2023-02-13
13.228902434717133,0.4604945556754455,0.4030513026883157,0.5127303231269833,0.2050455870456596,2023-02-14
13.355750106079169,0.45500400426751,0.40142537749311114,0.5501635954595785,0.20887179466931666,2023-02-15
12.8322224136928,0.44928042552208114,0.3909396299288769,0.49977886095486,0.21293642009664163,2023-02-16
12.331192265589381,0.4529610001674568,0.39137748565089564,0.403969165566088,0.21031366102432358,2023-02-17
12.202991216800104,0.4523165839825828,0.3887052522269097,0.3989198513219437,0.21077052453957226,2023-02-18
12.198512306620136,0.452559199064852,0.3909946601559323,0.39353856605518006,0.21059840445274022,2023-02-19
12.410295638915976,0.4557721036914082,0.39539268643004233,0.4128976391334084,0.20833226293065027,2023-02-20
12.889178517825677,0.46398309366541235,0.4071506009699675,0.4451231302699963,0.202651020902279,2023-02-21
12.778093387840993,0.4626176854670031,0.4030462910723975,0.4472985942819387,0.20358490147779945,2023-02-22
12.210997755778596,0.4572893779308055,0.3915274873031328,0.3942665294406461,0.20727058465438813,2023-02-23
11.599901841489762,0.4643647027156266,0.3968542707535131,0.26198270879483804,0.20239078348986003,2023-02-24
11.742683697104377,0.4733164153983519,0.4064797818776557,0.2524564125011961,0.19638113463395318,2023-02-25
11.750800831137761,0.47171672296452116,0.4044114233690261,0.26751625796535355,0.19744182285665257,2023-02-26
11.79791614970702,0.46673673731838783,0.4011754093565099,0.28631705181506906,0.20078065791083308,2023-02-27
11.896827395508444,0.4745442441163076,0.40636259021492355,0.27165063548433643,0.19557088033001754,2023-02-28
12.0173538186138,0.4814497316119134,0.40914534911314515,0.27114864981252323,0.191075770525364,2023-03-01
11.602589733946397,0.47482335225146366,0.4008541657511069,0.23366567843816713,0.19538716140710352,2023-03-02
11.101173499286102,0.4605833213229229,0.3929453998069955,0.1978068482387768,0.2049843080384003,2023-03-03
10.887965099927028,0.4486146069499849,0.3829370346713239,0.21381173915601095,0.21341436084888796,2023-03-04
10.75811617648086,0.44136154648118797,0.37556299192652176,0.22926828721513834,0.21869079393880853,2023-03-05
10.065741775071658,0.4204856560841599,0.3545042017522984,0.20005934804972128,0.2346169375081324,2023-03-06
9.492554319117337,0.4089286676796938,0.34660750488933445,0.15183937764612337,0.24392722677043338,2023-03-07
9.313838091919212,0.4053551670866792,0.3429900478501567,0.13712667745839308,0.2468801419306516,2023-03-08
9.17844277427012,0.4041706519290633,0.3418948861323954,0.12411278144384869,0.2478668176878143,2023-03-09
9.113585013665894,0.40722185237647224,0.3416847704553493,0.11684989118630006,0.24533319885611796,2023-03-10
9.125497064829956,0.4057248335846063,0.3390497513242043,0.13036579748640306,0.24657302252944244,2023-03-11
9.441210061832402,0.4128837898939217,0.3453454170853077,0.16400858203465932,0.24070012481227704,2023-03-12
9.700064471122797,0.40867804229651317,0.3432500338102032,0.21242873774681448,0.2441331711170713,2023-03-13
9.589847765403865,0.411889299838719,0.3404738589505918,0.2000118716669995,0.24150751860391864,2023-03-14
9.860540103848034,0.4185600006372113,0.3475290667021811,0.19618232933388288,0.23614319572376666,2023-03-15
10.472450501298923,0.42557624788196713,0.35959814694206244,0.24862659640487295,0.23062951745234944,2023-03-16
10.67249073975828,0.43068511310199875,0.3654808676685456,0.2561396085357656,0.2266959159019371,2023-03-17
10.506574697276523,0.4277646246629485,0.36394325449404696,0.23563350984286774,0.2289362751702858,2023-03-18
10.64604988353505,0.4327203756878244,0.36842627250608406,0.23317762706307965,0.22514760530722205,2023-03-19
11.659343722282726,0.43992974399408724,0.3837931473597018,0.3687400955437479,0.21974771423894185,2023-03-20
12.011195138827013,0.44859119141662185,0.39142056555096194,0.38942925264045597,0.2134311886003419,2023-03-21
12.039224802611272,0.45439657193660365,0.39635442135052673,0.37292949572865264,0.20929945917205783,2023-03-22
11.994474381521043,0.4579484949821532,0.4004591577581378,0.3415609112859052,0.20681106971505903,2023-03-23
11.913878647087094,0.468088352877861,0.4071800902301177,0.30445556000630003,0.19986892338098844,2023-03-24
11.60169092287541,0.4719405635752404,0.4069919850418008,0.2521038435778002,0.19729305961109211,2023-03-25
11.688698573077776,0.464821314781687,0.40179866890121846,0.29323987733743345,0.2020798370732818,2023-03-26
12.870466138105945,0.45620579925751814,0.4094314158851405,0.5272353525879818,0.20802824044407556,2023-03-27
13.510502345300656,0.4614770795403579,0.42637711037154385,0.5764908217605137,0.20436832523873913,2023-03-28
13.580614200378683,0.4643237743273928,0.43031928744383147,0.5655899309626811,0.2024186785032163,2023-03-29
13.492597010408883,0.4570950282696804,0.4257722223729395,0.5771282891798147,0.2074062737190242,2023-03-30
13.248847746995336,0.45031391697438883,0.41999386751430107,0.5625449363446191,0.21219667406986134,2023-03-31
13.221201022512187,0.45358381259696323,0.4199591713979162,0.5416551529289674,0.20987305471995735,2023-04-01
13.129588587088234,0.4490165345267637,0.41160018130456527,0.5744603406592218,0.2131257192899315,2023-04-02
13.197028733939746,0.4505550982693607,0.4104609488353183,0.5829252952635626,0.2120244130047505,2023-04-03
13.553025024531426,0.4575064688301097,0.41727986364738684,0.5969881071698475,0.20711912330011664,2023-04-04
14.535180831009713,0.47643762360516695,0.4484362986842338,0.6487565097928542,0.19432797105294,2023-04-05
14.67196227038716,0.47882221300266137,0.454637398845566,0.6507327129089768,0.19277383958255812,2023-04-06
14.438304844717324,0.47437739156899494,0.4482794905724864,0.6226059433545951,0.19568079111577333,2023-04-07
14.351302448081816,0.4700122250527825,0.44398637922662243,0.6272244700143715,0.19857830815289074,2023-04-08
14.088583193662085,0.4675947623315463,0.43773384535492715,0.6077432058293395,0.2002013948188401,2023-04-09
13.577359948898051,0.4706831417824454,0.42679628161875427,0.5432673009902105,0.19813019136025328,2023-04-10
13.267794952164799,0.48131462753811816,0.42479960071273604,0.4711614483999539,0.19116271743057162,2023-04-11
13.083402008768832,0.4942733987174789,0.4302797800344783,0.4012527269173093,0.1830005160772757,2023-04-12
13.084880407249463,0.5032558812989112,0.4378337394244939,0.3676586094912048,0.17754823114977902,2023-04-13
13.220367108784647,0.5108457706363305,0.4440732547859242,0.36329319746495864,0.1730680542090896,2023-04-14
13.569949528960938,0.5147016963811337,0.45078362836027724,0.38806562436182995,0.17083545664271488,2023-04-15
13.799805154691335,0.5178015887772196,0.45816319044670184,0.3985707016722812,0.1690615072029532,2023-04-16
13.530704990571333,0.5120033671905444,0.45106104787782414,0.3810976307829267,0.17239475322326275,2023-04-17
12.70512978195397,0.49705232477447847,0.4346780196633003,0.30767438170208455,0.18129608197664188,2023-04-18
11.436145592878441,0.4688249339332591,0.3992422201710227,0.229675456912713,0.1993738054961555,2023-04-19
11.210361413435875,0.44834530938330197,0.38081213100949185,0.3056302365347726,0.21360797373857696,2023-04-20
11.375043700509996,0.44525357321496317,0.3839170013295503,0.34363275723305464,0.21584341773985963,2023-04-21
11.26843790316239,0.4426721289290634,0.37925762777163596,0.3474882102272966,0.21772781192207208,2023-04-22
11.130612994580728,0.44821880978715223,0.37637423869704967,0.3414248475209664,0.21369898190647116,2023-04-23
10.876063890386975,0.45422569758826614,0.377832848272713,0.28353562859630094,0.2094199214854146,2023-04-24
10.591767824704867,0.4563347469373137,0.37617727708516213,0.23066597063746477,0.20793793315252282,2023-04-25
10.356144818354021,0.4537377106010516,0.3730072073852764,0.20279541270462254,0.2097643224590532,2023-04-26
10.229986530842964,0.4460269100259031,0.3655322751277231,0.21967137927157251,0.21528208105633656,2023-04-27
9.752197697940975,0.4368581777163735,0.35602403742474553,0.1825845472355695,0.22203233117384538,2023-04-28
9.04957334553176,0.42590661011220077,0.34499833068693314,0.10929339915362973,0.2303731015155486,2023-04-29
9.09901246203046,0.4202465941705382,0.34345310856419287,0.11970908845254043,0.23480587834700542,2023-04-30
9.135467118688025,0.41717134412953405,0.3417873915889981,0.12452905855932452,0.23724999106497208,2023-05-01
9.336703662117927,0.4173537911278602,0.34056230939130777,0.17095698230743417,0.23710428058068017,2023-05-02
9.560423811163306,0.4176118795225263,0.34450036679190843,0.19650226288345118,0.23689831225287442,2023-05-03
9.626299243566196,0.4179943532215097,0.347340392115519,0.1952093190624311,0.23659340680733768,2023-05-04
9.170534538848713,0.41028338072862125,0.33945245488921827,0.1342140910067141,0.24281703327988052,2023-05-05
9.926712958657628,0.4026725401444988,0.33069221846385505,0.35759482777249496,0.2491203622063281,2023-05-06
10.482674550029296,0.40028751013361796,0.33147011858025166,0.4966863130994976,0.2511291286551932,2023-05-07
11.046144692292494,0.41308246617524547,0.34698428010291865,0.5388237162779409,0.24053914984451594,2023-05-08
11.314310790326823,0.424695368022038,0.35789810146203693,0.5439424056289084,0.23131462239558317,2023-05-09
11.400264800120084,0.4276401092387142,0.35835211432791103,0.5559369553404395,0.22903228375912268,2023-05-10
11.641114362256907,0.43015023043085543,0.36373841113100835,0.5692499141097355,0.2271045876928479,2023-05-11
12.354705973869974,0.4433882229970979,0.38318058687518347,0.5920221182607596,0.21720343719187843,2023-05-12
13.38916862541412,0.4656381459909924,0.4127948352554279,0.6100498869703223,0.20152477768956997,2023-05-13
14.193727595809083,0.4850422481815151,0.4390521864903832,0.6293723667598611,0.18877823901943733,2023-05-14
14.82288776203104,0.5014553389366556,0.4612662996472283,0.6419990460568019,0.17862796865259145,2023-05-15
15.490518596262621,0.5157541251972805,0.48440779308272713,0.6527292353400084,0.17023111473860786,2023-05-16
16.15255897484359,0.5353758943119359,0.5097672683924622,0.6589890637950433,0.15934707914943616,2023-05-17
16.156007927793816,0.536318399789722,0.5132620175451862,0.6512119354192878,0.15884216180907557,2023-05-18
16.211528602100497,0.5337133256083471,0.5136857649477771,0.6630937856546829,0.16024166333503637,2023-05-19
16.61789657880594,0.5356513071300724,0.5235697203899209,0.7035618332067797,0.15919936973963555,2023-05-20
17.16869666406814,0.5440639191542442,0.5405825225249886,0.7109123986761675,0.1547528860413023,2023-05-21
17.665754915987232,0.5533402813843975,0.5575539040558383,0.7057638211838312,0.14999370180337435,2023-05-22
17.95647273736012,0.5556951662124642,0.5663388196231531,0.7172518268015965,0.14880901591284673,2023-05-23
17.66681189154155,0.5438740655456098,0.5560766942886993,0.7200163595816992,0.15485185014920885,2023-05-24
16.79086496252392,0.5212227065538706,0.5259545138465627,0.6921750918685214,0.16712510789781274,2023-05-25
15.76120294476221,0.49894489543256126,0.48997052500132476,0.6530717033794706,0.18014438379045983,2023-05-26
14.785965101201676,0.4802451555300332,0.45634286246740857,0.6139261665942098,0.1918523791515915,2023-05-27
14.075481088195552,0.47059929687875524,0.43597995960779373,0.5778187913961627,0.19818613747225855,2023-05-28
13.643495422215725,0.46362205218955566,0.42427812184063185,0.5572279648855457,0.20289754034890986,2023-05-29
13.633466267018566,0.46308339229280515,0.42441339044248366,0.5682496490987785,0.20326589539651646,2023-05-30
13.291511825810327,0.4538720769948146,0.41341872543353647,0.5725496507026044,0.20966943576565739,2023-05-31
12.220544518040379,0.4360918031158565,0.3905902660531317,0.49558580452252476,0.22260604998107741,2023-06-01
10.866617511082044,0.41732752379198523,0.36462955054019874,0.3640106182943394,0.2371252533558542,2023-06-02
9.843417197409371,0.40402148302088503,0.3488207473377491,0.2327818612559341,0.24799135143359877,2023-06-03
9.075347805235772,0.39076654503879904,0.3345984268470598,0.1362851237583279,0.25931075524920033,2023-06-04
9.405901251300342,0.3763090319029899,0.31976689148669085,0.29792375893968226,0.272247041088789,2023-06-05
9.817439939803055,0.36928123652829425,0.3158927354542883,0.42906763924101765,0.2787665127131094,2023-06-06
10.208866065178796,0.3700820579099817,0.31945104544307196,0.5148593186743999,0.2780158028761766,2023-06-07
10.49965437924556,0.3681043494327926,0.3209828967262835,0.5545340595977509,0.27987343593485836,2023-06-08
10.515204084143354,0.36660060413642914,0.3183480224503819,0.5557762725761083,0.28129418452904187,2023-06-09
10.43599640817267,0.3607587397105849,0.3134939718447323,0.5453067772618824,0.2868823861604309,2023-06-10
10.556314249551887,0.36270975762735813,0.31796877418725505,0.5457198308051748,0.28500384544082474,2023-06-11
10.201008983730066,0.3636249750081372,0.3126339304729446,0.5188470187558225,0.28412687043226037,2023-06-12
9.955178617010604,0.3662813254471746,0.31013406276404243,0.463937220844271,0.2815967681635993,2023-06-13
9.761626585847473,0.36522446483908977,0.30727508419235605,0.4120206672391068,0.2826006894301958,2023-06-14
9.608438831135748,0.3629078616971627,0.3042678774260586,0.389440178577001,0.2848137898960026,2023-06-15
9.618389501366696,0.3676604100214924,0.308781762841471,0.36981368043989665,0.28029212469510284,2023-06-16
9.1302213610087,0.3670145432254107,0.30899160147517213,0.2427367794836556,0.28090237424676157,2023-06-17
8.829753884226596,0.36680566437203876,0.30660023525890934,0.17404295557369842,0.2811000183666768,2023-06-18
8.851409423086064,0.36880990550354553,0.30159650160180207,0.1810943623022576,0.2792092973915162,2023-06-19
8.87374010945581,0.36483530598574254,0.2939638719566306,0.21936881505218844,0.28297125578739,2023-06-20
9.256285189594422,0.36696784957450723,0.3022073494510658,0.26230817902244996,0.2809465443747158,2023-06-21
9.348114265277044,0.367409394694285,0.3046931659538462,0.2703454620781272,0.2805291397670342,2023-06-22
9.297139454746507,0.36292966987535524,0.2999669339588747,0.28104010153000775,0.284792875480761,2023-06-23
9.06856620305827,0.35778103529559946,0.29472931870009667,0.25949098232246093,0.28977337127566144,2023-06-24
8.84241825160019,0.36031607161353907,0.2953452074953002,0.20930585880448316,0.287310330315739,2023-06-25
8.444204674929697,0.35678892497858317,0.2987539806263839,0.13853099287974865,0.29074304436684595,2023-06-26
8.259238128921778,0.35868699442510343,0.3050497485218079,0.07953301853267063,0.28889072623819606,2023-06-27
8.670205434615509,0.36478892143553987,0.31255440842067717,0.1344833662140826,0.28301545666180555,2023-06-28
8.898991460329666,0.37196335336071784,0.3204153866598577,0.1539221203558028,0.27626017331323266,2023-06-29
9.282404033306454,0.3790716979600246,0.32848275262563376,0.1984763664904172,0.26972614850831766,2023-06-30
10.128990361983782,0.385940895544303,0.33957764516107825,0.32220918613312466,0.2635588174282414,2023-07-01
10.856067178031322,0.39619819032376435,0.3518854348989764,0.4067809690068578,0.2546110822300899,2023-07-02
11.571317022182608,0.4120969579036715,0.3687471680694196,0.4660149012992915,0.24133870443288385,2023-07-03
12.595321778528309,0.4274878612323646,0.3950446278928069,0.5523306976226435,0.22914973048624412,2023-07-04
13.331371321863674,0.4358242390105682,0.41421413370501875,0.6198947422125649,0.22280670117304927,2023-07-05
13.736802812810057,0.4439808653676218,0.42735164107236084,0.633831389614715,0.21677041774945466,2023-07-06
13.823133676515118,0.45179113651220293,0.433392026032373,0.5972516343265066,0.21114377875202842,2023-07-07
13.6748315501922,0.45117735870465814,0.428183152833801,0.5650817921174359,0.21158061595202554,2023-07-08
13.261875883667694,0.44690195579366543,0.41446939317497905,0.5239453803193632,0.21464867786290565,2023-07-09
12.768208100575208,0.43683935992087175,0.4025917657784407,0.48573674458620114,0.22204640071698672,2023-07-10
12.630993487538072,0.4351341280016412,0.40097719141151633,0.4730298289400019,0.22332506320407156,2023-07-11
12.696949183620514,0.43109821088025313,0.3973544342908809,0.4971117269990575,0.22638079601923738,2023-07-12
12.99725682059717,0.42990173048685454,0.4010439797698591,0.5710758524562952,0.22729470217052564,2023-07-13
13.057685549925962,0.42715648067501644,0.39718199411205235,0.6179365584569858,0.229405571386741,2023-07-14
12.86888531543644,0.4231312625977751,0.389456503627476,0.6118100298014347,0.23253612544698385,2023-07-15
12.781296984111908,0.41973837964954985,0.3837169414897815,0.6184916927477292,0.23520804769449108,2023-07-16
13.233588722250843,0.4272047360443012,0.39330978004519523,0.6491430403738894,0.22936829827997907,2023-07-17
13.165692257085086,0.4274711882562876,0.3913573926322241,0.6661215774885709,0.22916259596469332,2023-07-18
13.296153065860327,0.426897127887758,0.39095749799225576,0.6933675830589227,0.22960600280777338,2023-07-19
13.08905101441654,0.4219296283107711,0.38444355899431537,0.677897687882635,0.23347893276822232,2023-07-20
12.678918807847086,0.41039711399457734,0.37833921068003834,0.6710098213698631,0.24272405858267573,2023-07-21
11.827322373455717,0.3927922970772565,0.35682998890459683,0.6458645602204899,0.2575479363363029,2023-07-22
10.140894000557722,0.3609561119285657,0.3154252198109907,0.5741563715915662,0.28669178441726734,2023-07-23
8.676875742095358,0.340673409101411,0.2853024689565014,0.4757678755964635,0.3069563568709423,2023-07-24
7.636599206296193,0.32576432911926345,0.2667543135057926,0.37283086183355457,0.3227599507224635,2023-07-25
7.271489614948333,0.32666169173798065,0.2677967581937667,0.26274122175118675,0.3217861437005564,2023-07-26
7.223145798199907,0.3297221193134702,0.26619272419027806,0.20390643594803914,0.3184870484212468,2023-07-27
7.744205852234137,0.33604359501631575,0.2691394959714284,0.29239317390068414,0.31177928921406256,2023-07-28
8.665845429028447,0.34911558939629406,0.28451928998599246,0.37289670888107235,0.29835327142000295,2023-07-29
9.258213699245006,0.3577072818821285,0.29770040472759324,0.42417439507332444,0.2898453453023784,2023-07-30
9.410353573046333,0.3551422817694514,0.2994337068912623,0.418737754398189,0.2923596150323318,2023-07-31
9.053656449385892,0.349461797701483,0.2932979888278561,0.35453669779827474,0.29800565807877244,2023-08-01
8.748113026680258,0.3495200136666866,0.28725593926558907,0.3146591911156654,0.2979472456428033,2023-08-02
8.512045907840422,0.3524741392353594,0.2842612585748376,0.29444348474475807,0.2949981331696017,2023-08-03
8.323103214296927,0.3496323349088405,0.2836896214343693,0.27252859579981914,0.2978345776860148,2023-08-04
8.353965516130291,0.34799630344202015,0.2863544095699159,0.2521327051639058,0.29947987676788324,2023-08-05
8.360052268989172,0.34487769432528437,0.287927962727534,0.25249337534029825,0.30264136945660436,2023-08-06
8.353109552057289,0.3395281967787023,0.28393396482220473,0.2743998138407773,0.3081423483368243,2023-08-07
9.233209809572548,0.3497360291586682,0.3055589975679518,0.37219641840673734,0.2977306011740678,2023-08-08
9.775539738885703,0.35652330879832295,0.31882522028353927,0.4049861703498813,0.2910032036731233,2023-08-09
10.487828734493748,0.36623181373197566,0.33582803407203615,0.4377701283437906,0.2816437200573431,2023-08-10
10.968765019577033,0.3735380346436309,0.34630666870123283,0.4673986417842407,0.2747992032354332,2023-08-11
11.107884154670696,0.3730359164119237,0.350318709931985,0.4909862859983492,0.27526422141588036,2023-08-12
11.164903216371952,0.3749749048675104,0.35221017228182483,0.5084040272108004,0.27347283512321924,2023-08-13
11.239276727621297,0.3796148837288108,0.35477089993668826,0.5094769369581033,0.2692332521717429,2023-08-14
11.47661870767561,0.38940380357206084,0.3639842355698399,0.5029289530593358,0.2605034027159353,2023-08-15
11.665693507014781,0.39345122729199955,0.3660799441048894,0.5210691113500701,0.25697711913869986,2023-08-16
11.745748825717312,0.39348601714313647,0.36676392741954994,0.5548286255075252,0.2569470166181864,2023-08-17
11.961140823665158,0.395368073989662,0.37137471452825993,0.5783353265047549,0.255323778780157,2023-08-18
11.827172821977378,0.39259311779028094,0.3640818435565446,0.5769482644400303,0.2577207305391503,2023-08-19
11.42152318160764,0.3882195432064479,0.35655551901986643,0.5237392138914224,0.2615443005035168,2023-08-20
11.065747161451158,0.38077764607382236,0.3438019233212592,0.5179477736447519,0.2681811667675014,2023-08-21
10.63947799621975,0.37670794077706793,0.3332221119616625,0.5221355748427802,0.27188159233149245,2023-08-22
10.455431797581756,0.37423622069631146,0.33135223332813457,0.5061382507293175,0.27415390942765777,2023-08-23
10.14787162154455,0.3746259942894149,0.3297471406175844,0.425149228669702,0.2737943231106865,2023-08-24
9.95355094689013,0.37667424752015644,0.32983155096158717,0.3785806145717373,0.2719124404519084,2023-08-25
9.530985528309094,0.3611932816668827,0.317375898003812,0.3806456800434618,0.28646291783303013,2023-08-26
9.418132454792863,0.34660229046336566,0.3057991649964269,0.4515973793811885,0.3008889560681954,2023-08-27
9.82708293300308,0.34025358565581854,0.3057318742571566,0.47667451748992107,0.3073905986483491,2023-08-28
10.057359181161571,0.34867053776472356,0.3216536695573446,0.42355127145033794,0.29880072494749677,2023-08-29
10.09168673151056,0.3530568659003672,0.32582015917380824,0.4088585069196774,0.29441985151878725,2023-08-30
10.348026988872013,0.3624077396098697,0.3314893008092986,0.4194176577012117,0.2852938372281861,2023-08-31
10.389106773489369,0.3735023904309057,0.33874946647210485,0.3722242681696259,0.2748321878817652,2023-09-01
10.220340519380905,0.3789776619989932,0.34323649076275675,0.30145120546552845,0.2698115699804518,2023-09-02
10.065416371625258,0.3836986664254628,0.35265461737109133,0.2165939378450966,0.2655562832561276,2023-09-03
9.973136589602552,0.37814017013407675,0.34692225872868615,0.2255340121653844,0.2705735348626353,2023-09-04
10.291727805287813,0.3852639725528989,0.34212880255353945,0.30161373430093935,0.26416025858984743,2023-09-05
10.66814509922305,0.3933199759560879,0.3437633875650025,0.36961422349674256,0.25709071838121283,2023-09-06
10.432234691157834,0.39044112057846925,0.3387658462865024,0.3762091010763661,0.25959506383013375,2023-09-07
10.180906395801253,0.3879908372145806,0.33312622876388837,0.3748728184150426,0.2617457987708939,2023-09-08
10.092948096711327,0.38866970164766634,0.33033057196229126,0.3852262774639075,0.26114814762362426,2023-09-09
10.262710335249029,0.3950148350327649,0.3354630916776961,0.3874886496202588,0.2556276569086781,2023-09-10
10.574122944563587,0.3994205864005932,0.34141508989849545,0.41281729712720766,0.25186329302334914,2023-09-11
10.797358705551654,0.4034370685450127,0.34260604287754887,0.44905356129165563,0.24847985323098049,2023-09-12
11.13298872780401,0.4078459498000113,0.34923253135386423,0.4843760377429264,0.24481816743628343,2023-09-13
11.506719543503602,0.4082428323247449,0.35471776063298044,0.512909535923452,0.24449120585564008,2023-09-14
12.0321410254582,0.4162055581369336,0.3644733070230976,0.5554599266645729,0.2380228046586607,2023-09-15
12.54596923802161,0.4300908018939279,0.37797925456780784,0.5982542767959508,0.22715003892626293,2023-09-16
13.133419976906708,0.443541623945339,0.39528003662448896,0.6302125365096125,0.21709127051626137,2023-09-17
13.803299189072666,0.45366798657124585,0.41139024408479824,0.6661201143705634,0.20981357700945386,2023-09-18
14.267970941554632,0.4657394842539896,0.4250863274714237,0.6779223661173304,0.20145602193021941,2023-09-19
14.301954654934768,0.47207433263855714,0.42977079036222,0.6562630461304261,0.19720421093552934,2023-09-20
14.098843593343338,0.4731151122627941,0.42642682362616074,0.6223510542644723,0.1965142961644379,2023-09-21
14.025495742783706,0.4768210948216667,0.4291008973157587,0.5821012445640402,0.1940772048543752,2023-09-22
13.942753017907716,0.4786757365913348,0.43182081506598147,0.5478425707120702,0.19286894476194355,2023-09-23
13.537985895678538,0.4756261457639829,0.42373928293452,0.49635440012884163,0.19485969563781544,2023-09-24
13.244087133535173,0.4747577968590334,0.42080787759052524,0.44905295707457193,0.19543029678950263,2023-09-25
13.04160297711425,0.4730609712831624,0.41905195069569956,0.4259729609944836,0.19655012569522798,2023-09-26
13.101022679820058,0.4706333031249149,0.4154705784629991,0.45139157466045926,0.1981634446571218,2023-09-27
13.155450403636046,0.46903111852605517,0.4139401055616699,0.4677621832701786,0.19923543139045785,2023-09-28
13.036118051357672,0.46919534005805474,0.4115967692403361,0.45731104147943064,0.19912528814397393,2023-09-29
12.91244254133872,0.46387930146760903,0.40517760849974677,0.45661227984216585,0.2027218596168054,2023-09-30
12.911967152863085,0.4660753740503857,0.40798944046882846,0.43654297637303296,0.2012282958565363,2023-10-01
12.742192494465451,0.47260433871188545,0.41328630300315883,0.37913191604925406,0.196852576968143,2023-10-02
12.5137876592626,0.48272419023335167,0.4249429371547533,0.3095477104718299,0.1902575298175218,2023-10-03
11.763655181169428,0.4786239045504862,0.4225649768982625,0.2077639719425252,0.19290260985243254,2023-10-04
10.29722134368947,0.45201022730791884,0.3952222022006782,0.0576927150039891,0.21098806624188438,2023-10-05
10.342608093735757,0.43849120707951783,0.3850938571224981,0.1543151770819783,0.220814749892657,2023-10-06
10.637842769994105,0.4381208611434606,0.38534335843520023,0.22193633864377277,0.22109029186350476,2023-10-07
11.953093996302803,0.4654348856719409,0.4038032988868053,0.3095537837019095,0.20166275604314074,2023-10-08
13.19919737455455,0.4895299547185209,0.42413158947630014,0.40746405820319437,0.18594697494504972,2023-10-09
14.187377920492107,0.5132285060268604,0.4508041343721598,0.468184120445821,0.17168502003945013,2023-10-10
14.551729054291561,0.515095186405688,0.4564106778186515,0.5088357553873294,0.17060925001538516,2023-10-11
14.811389767509866,0.511252962377693,0.45539805457194976,0.5561604584055211,0.17283091714408463,2023-10-12
15.054803878178081,0.5062221549811137,0.4507851125037423,0.6200557384541321,0.17578364969743468,2023-10-13
15.298122220187649,0.5071525151449223,0.4512315694639852,0.6661625201876871,0.17523381675624475,2023-10-14
15.655920033940212,0.5096788633760545,0.45714525671317385,0.7011666962362032,0.1737494321134951,2023-10-15
16.408029131761108,0.5266962272667213,0.47851924847626137,0.7311494477553518,0.16407304377855214,2023-10-16
17.10303582417812,0.5441649820230636,0.5003710964365773,0.761527247189069,0.15470023126685073,2023-10-17
17.379552547381174,0.554807524645902,0.5093683311794402,0.7718982375199978,0.14925446426090028,2023-10-18
17.541896392082986,0.5585948888638472,0.5162854933988927,0.7731823102634935,0.14736308204842657,2023-10-19
17.63711533908526,0.5619677248821306,0.5220270372365736,0.7728161759960989,0.14569889815122553,2023-10-20
17.535898853578335,0.5583963146645352,0.5214762029938744,0.7686506269493035,0.14746165051357008,2023-10-21
17.35563925766535,0.5517479333156279,0.5165884788775326,0.7612088505806593,0.150800114106668,2023-10-22
17.132468130016502,0.5459155087312983,0.5122519751930897,0.7500821853661332,0.15379102667144512,2023-10-23
16.836003930940606,0.5427652132605942,0.5050731810817283,0.7281059744326068,0.1554311219813379,2023-10-24
16.408509876337366,0.5354540826462426,0.49497186132678184,0.7059371485894426,0.1593051312545621,2023-10-25
16.217569336414385,0.5281826192261487,0.49082518261344227,0.7064831246009213,0.16325388996054876,2023-10-26
16.170652448085697,0.5250859553855431,0.49009742435081843,0.7214706572848489,0.16496510708948608,2023-10-27
15.720471311430872,0.5192635664494358,0.481616413862191,0.7091193550453772,0.16823127764546897,2023-10-28
14.637560900220887,0.510881920215775,0.4538546930324321,0.5895193319572515,0.1730469885524845,2023-10-29
13.619568358341878,0.5088127270637937,0.4353374061891239,0.4534683819678711,0.17425691848613473,2023-10-30
12.709499722581233,0.5072402023167668,0.4198452347904671,0.3273036028206493,0.1751820833420741,2023-10-31
13.368562097550653,0.5178996129603259,0.4342911302571636,0.3780544380736602,0.1690057131940366,2023-11-01
14.592518415052856,0.5386059443896974,0.4636612353653762,0.4688020327914994,0.15762332642103632,2023-11-02
14.945531731843221,0.5477075258634689,0.4739341656278079,0.4866225471111912,0.15286580720047777,2023-11-03
14.523404896655007,0.5403951656606631,0.4606885233254032,0.4638298472386599,0.15667652654236655,2023-11-04
13.997404466967664,0.5305666528208925,0.4466137189733997,0.42489208541235673,0.16194857551276107,2023-11-05
13.702938236108382,0.5286262777290139,0.45126938833498587,0.3738932025343287,0.1630101822567051,2023-11-06
13.606212972512484,0.5329111470331065,0.4593103851033101,0.33530918223571843,0.16067508883582088,2023-11-07
13.594686561431123,0.5289734699105836,0.45842751461184905,0.3403346117423151,0.162819718607757,2023-11-08
13.354710230059764,0.5180882602117312,0.44828505286618736,0.34290223279447224,0.16889838959968345,2023-11-09
13.25761591880754,0.5212371216244146,0.45018571952510533,0.3204161224996299,0.16711699587422152,2023-11-10
13.392265729034328,0.5259519312240403,0.4541302796918547,0.3254767311511684,0.16448477003120873,2023-11-11
13.60906725356998,0.5306255353774132,0.45723689344562773,0.3444301607813192,0.16191646834418097,2023-11-12
13.6730496891596,0.5327103218238924,0.45776509400037413,0.3473366187238922,0.1607837801652529,2023-11-13
13.697135905228341,0.5359989376380809,0.46005922983388114,0.3418348619772044,0.15901312400415687,2023-11-14
13.660475621262286,0.5346885698376482,0.4592432157699695,0.338692400780207,0.1597163030927002,2023-11-15
13.8250873443353,0.5300139132413799,0.4576942985072408,0.37109058559395613,0.16225028098961938,2023-11-16
13.919768473449572,0.5258298860316006,0.45737698135871935,0.39125420424734836,0.16455238095709998,2023-11-17
13.789356745185435,0.5146073658636738,0.44834012078590785,0.4038151923034795,0.17088972922408083,2023-11-18
13.545548614843236,0.5054960168481184,0.4409053315124351,0.3970959488462143,0.17621398805070773,2023-11-19
13.260939837562626,0.4970373647832691,0.43132231287241907,0.38312359301506027,0.18130521494531968,2023-11-20
12.890590563269265,0.48829133047266526,0.4177465361895472,0.38380149294037363,0.18672414482837885,2023-11-21
12.9792437446883,0.49072717591362747,0.418387117386308,0.39203042193999393,0.18519885768610406,2023-11-22
13.054574033276594,0.4879524417540243,0.4157914411771958,0.4158526328861064,0.186937344573917,2023-11-23
13.121142753073167,0.47942292188475644,0.4119711395400098,0.45109790632230246,0.192384297609338,2023-11-24
13.198900669215726,0.4790251162586112,0.41280102885095504,0.47050750195328017,0.1926421746769961,2023-11-25
13.395061536328834,0.4835577722468467,0.41916318722889706,0.49458953245213794,0.18972424147567737,2023-11-26
14.062452875126603,0.4923327318288313,0.4330085450764372,0.5577987169086374,0.1842003036782972,2023-11-27
15.557235241384891,0.5125211328917303,0.47165482062172764,0.6851847035574536,0.17209444995444934,2023-11-28
17.206413239982002,0.5460772082323286,0.5355734349791247,0.7743610219579437,0.153707311779824,2023-11-29
18.490281921503858,0.5740429339278594,0.5880442683992867,0.8153702496372278,0.13989349032277199,2023-11-30
18.8567623426666,0.5820105765067741,0.6039575147372593,0.8199537378755183,0.13619013216514644,2023-12-01
18.995891562157112,0.5829866384012857,0.6090285341361437,0.8278653215128106,0.13574325231565798,2023-12-02
19.083858348133706,0.5850419937729733,0.6117784936873585,0.815480401141864,0.13480701825211588,2023-12-03
19.027025280032948,0.5842733785000511,0.6090433665520707,0.7989942295300881,0.1351563716061975,2023-12-04
18.884278398339994,0.5799885774079935,0.6030610334382639,0.7891925248648348,0.13712056964034353,2023-12-05
18.411213273070267,0.5668734802678417,0.5849995833138756,0.7838319755670842,0.14331184942757694,2023-12-06
17.8432635012292,0.5522476985447566,0.5647422719990169,0.768830422750327,0.15054655243684592,2023-12-07
16.795073611851276,0.5354507951711538,0.5256917446266953,0.7032457202340607,0.15930689475637994,2023-12-08
15.956687168895124,0.5226503051908167,0.4974252617787376,0.6704504768895169,0.16632364087554466,2023-12-09
15.072944141172206,0.5129119393362866,0.4692208950551399,0.6305126261412225,0.1718681293325012,2023-12-10
14.693454504359742,0.5078460385023903,0.456098378402597,0.5935677854271004,0.17482507097761404,2023-12-11
14.873479239926548,0.5109013091690848,0.4593847765109041,0.6083685819514661,0.17303569097038243,2023-12-12
14.991034420081972,0.514782338463829,0.4627826029843922,0.6124756900814303,0.1707890732986074,2023-12-13
14.918163003664418,0.5127098558880561,0.4603571595260495,0.6122722991741537,0.1719851210557201,2023-12-14
14.55933203641184,0.5051540092511155,0.45061678005586286,0.5987495781846317,0.17641704016008555,2023-12-15
14.005072972433728,0.4947212460723297,0.43535048398279075,0.5740918201361839,0.18272475296235,2023-12-16
13.099021955148224,0.47887703824116856,0.410444096846503,0.5197829699624046,0.19273825434968936,2023-12-17
12.190682122731618,0.46357016736599255,0.38794422415174284,0.449917163473435,0.20293299198949558,2023-12-18
11.719312179703953,0.45366301305625467,0.3770596131833254,0.4211416311825594,0.20981709084901728,2023-12-19
11.542724176650003,0.44988271571148153,0.3675947121649302,0.4097833584586029,0.21250500365694958,2023-12-20
10.908332072226004,0.44651370728862916,0.3604477196972939,0.3181607935836959,0.21492948180492535,2023-12-21
10.472602215275133,0.45141887551894566,0.3652851009802802,0.21503032283942572,0.2114086161542633,2023-12-22
10.508010647475823,0.45765120274689997,0.3742767849473198,0.16950308570244318,0.20701820592130366,2023-12-23
10.860061852446822,0.4670873260512093,0.3810799246407331,0.19555502027556285,0.20054376897593604,2023-12-24
11.421706788950774,0.47470275996421063,0.3865186013981192,0.2714340445885443,0.19546651836451456,2023-12-25
11.199137812884125,0.46936981985172,0.3890492125864037,0.23866014956778484,0.19900833140367688,2023-12-26
11.079899515474725,0.4642838375881435,0.38840726296728467,0.2257198878651439,0.20244590135775165,2023-12-27
11.037588133341323,0.45556658145176565,0.3890929438321894,0.23427313542822845,0.2084764900448805,2023-12-28
10.622889521801817,0.45024172617244984,0.39196504440032337,0.15740218879505466,0.21224826275966427,2023-12-29
10.767434562743285,0.45016068446753144,0.39539441698200634,0.16915742918843987,0.2123061913879333,2023-12-30
11.015075034377324,0.45241786604353307,0.39814813465731086,0.2013037242038401,0.2106986542121018,2023-12-31
