label,sample_idx,omega,phi,eta,xi,delta,rscore,head_Oh,head_eta,head_mean_corr,head_DEF,head_Xi,head_mp_escape,head_n_escaped,head_oc_score
0,0,0.5850355682038089,0.0,0.41496443179619114,1.0,,0.0,28.33296881170096,0.8093740973943053,0.8793324023606249,0.9741183597453961,0.06050212030864512,0.03125,1,0.7990477185277752
0,1,0.5508699916056247,0.0,0.44913000839437534,1.0,,0.0,28.201302471827972,0.8065724263227686,0.8744512507843807,0.9665007887803183,0.06109244830444419,0.03125,1,0.7914673736892053
0,2,0.5665665427922282,0.0,0.4334334572077718,1.0,,0.0,28.454638875601056,0.8112543243273971,0.8843441896704545,0.9773854834455175,0.060109147875143216,0.03125,1,0.8047332784428047
0,3,0.549275571141114,0.0,0.450724428858886,1.0,,0.0,29.502606609662873,0.8643954775222397,0.9183261015641329,0.9807210177055721,0.049998291673557,0.03125,1,0.8565215555385467
0,4,0.5958030223846436,0.0,0.40419697761535645,1.0,,0.0,27.527059036021424,0.7723739727564473,0.8529350837778076,0.9694107042312704,0.0687798669939107,0.03125,1,0.7594126990130774
0,5,0.5802564441218832,0.0,0.41974355587811685,1.0,,0.0,29.049291590641985,0.8386271583557022,0.903770796789113,0.9795466756718249,0.05466890192575198,0.03125,1,0.8332056795100435
0,6,0.6208902052660427,0.0,0.37910979473395734,1.0,,0.0,27.080954813556346,0.7501425869518065,0.8381979178584831,0.9712533059202756,0.07428872445168633,0.03125,1,0.7378465069686377
0,7,0.5729621778848129,0.0,0.42703782211518715,1.0,,0.0,28.04673111117848,0.7965340995156136,0.8680871937550656,0.9673036358642765,0.06325527051817603,0.03125,1,0.7825153224865173
0,8,0.5592247878310773,0.0,0.4407752121689227,1.0,,0.0,28.043507648387358,0.7943761671757125,0.871379381282689,0.9683780883939143,0.06373011896787377,0.03125,1,0.7835292543513181
0,9,0.5465833823567838,0.0,0.45341661764321617,1.0,,0.0,29.437718513587967,0.8582858573725428,0.9162266814829507,0.9821266397822166,0.05106825995020052,0.03125,1,0.8526929443345028
0,10,0.5414914949132209,0.0,0.4585085050867791,1.0,,0.0,28.328329970194282,0.8117170759254011,0.878910615734199,0.9706033420365794,0.060012823598762886,0.03125,1,0.7986424725779019
0,11,0.6165799170876782,0.0,0.38342008291232177,1.0,,0.0,27.025120477436793,0.7477236821745823,0.8374353327093176,0.9670703210866323,0.07491412580705509,0.03125,1,0.7343702761781693
0,12,0.5403322681422197,0.0,0.4596677318577803,1.0,,0.0,29.122480478501046,0.846998234782106,0.9055641451885634,0.9787250175448371,0.05310563733372637,0.03125,1,0.8381628430207854
0,13,0.5414466859745973,0.0,0.45855331402540267,1.0,,0.0,28.884716044640477,0.8352538343186,0.8981372773462543,0.977909395819873,0.055311789496964636,0.03125,1,0.8266829461024741
0,14,0.6398381314009314,0.0,0.3601618685990686,1.0,,0.0,27.265083101565327,0.7580401630164,0.8457101304279451,0.9655791016152131,0.07228294941145916,0.03125,1,0.7452646276934195
0,15,0.5771975948101771,0.0,0.4228024051898229,1.0,,0.0,27.988146675224453,0.7884759615184733,0.8688889639916705,0.9752472195680412,0.06504672323396124,0.03125,1,0.7813720419412808
0,16,0.5718596840442274,0.0,0.4281403159557726,1.0,,0.0,27.937269374695056,0.7880170519569735,0.8669484849280583,0.9751413031159462,0.06515025971614567,0.03125,1,0.779631786950003
0,17,0.6179814694067182,0.0,0.38201853059328184,1.0,,0.0,27.06749122551073,0.7515043343256989,0.8386864513796577,0.9664300845313191,0.07393894805507821,0.03125,1,0.7369715915470324
0,18,0.58403963036314,0.0,0.41596036963686,1.0,,0.0,27.36463880653162,0.7610204077789682,0.847610603738169,0.9727039546488531,0.0715401999651965,0.03125,1,0.7509916435971309
0,19,0.5828176573383722,0.0,0.4171823426616278,1.0,,0.0,28.529498686071594,0.8118739157000037,0.886259081230443,0.9796812170047405,0.05998021157821405,0.03125,1,0.8075067570409417
0,20,0.6127508365176112,0.0,0.3872491634823888,1.0,,0.0,27.288557022758223,0.7610316532076249,0.8450961998957264,0.9687087844040028,0.0715374118342505,0.03125,1,0.7476153422216786
0,21,0.6064281340651418,0.0,0.39357186593485816,1.0,,0.0,28.363528247867343,0.809226073121349,0.8814383358088907,0.9758321695257283,0.06053316664805351,0.03125,1,0.8009254180447292
0,22,0.5778613288197971,0.0,0.4221386711802029,1.0,,0.0,28.559047805988765,0.8167412396405624,0.8871019632738928,0.9772014827124355,0.05897689997916845,0.03125,1,0.8095335204107444
0,23,0.54693984338706,0.0,0.45306015661293997,1.0,,0.0,29.538751128278513,0.8657744126950231,0.9196172305707441,0.979164453997548,0.04975991862996305,0.03125,1,0.8576036024541488
0,24,0.5959162977783716,0.0,0.40408370222162837,1.0,,0.0,27.92567325588923,0.7907834509961831,0.8655208206007147,0.9687546160743743,0.06452860936619138,0.03125,1,0.7779012243896269
0,25,0.5353735668815496,0.0,0.4646264331184504,1.0,,0.0,29.154055684413887,0.8493321847635927,0.9058452573864051,0.9726639718307558,0.05267780623810168,0.03125,1,0.8376038578182459
0,26,0.543762052857391,0.0,0.456237947142609,1.0,,0.0,28.004577944946504,0.7935787253913755,0.8686780985615431,0.9703907622358188,0.06390649495427769,0.03125,1,0.7820899846058902
0,27,0.5423610117748618,0.0,0.45763898822513815,1.0,,0.0,29.36540914773043,0.8577695799173297,0.9136203090526475,0.977557347261174,0.05115971723038394,0.03125,1,0.8488956169261583
0,28,0.6032267322981668,0.0,0.3967732677018332,1.0,,0.0,28.374231038657406,0.8094010303398658,0.8807700236484074,0.9730979791034873,0.06049647315447202,0.03125,1,0.7998680183807667
0,29,0.6098397964125879,0.0,0.3901602035874121,1.0,,0.0,27.822420529479114,0.7838326201041106,0.8622379495090182,0.9759367623784686,0.06610196180070695,0.03125,1,0.7744746685304229
0,30,0.5638565304390668,0.0,0.4361434695609332,1.0,,0.0,28.01118599832208,0.7897038601258671,0.8696605809174119,0.9760693770654583,0.0647705003611651,0.03125,1,0.7828193068244202
0,31,0.5832978998876646,0.0,0.41670210011233544,1.0,,0.0,29.14862535845113,0.8492642480158319,0.9054172314550583,0.9722737103658411,0.05269021073135036,0.03125,1,0.8371743439729443
0,32,0.6217716233410933,0.0,0.37822837665890674,1.0,,0.0,27.380679182735264,0.7650214399054637,0.8484296749806172,0.966211571753253,0.07055503251037597,0.03125,1,0.7512303999415185
0,33,0.5883555774858032,0.0,0.41164442251419675,1.0,,0.0,28.45467952782584,0.8106862999154433,0.8837478261713323,0.9750390764662189,0.06022759665422509,0.03125,1,0.8034048186339602
0,34,0.5576421659080845,0.0,0.44235783409191554,1.0,,0.0,28.845190944864463,0.831561001787952,0.8970421250530377,0.9781197332070752,0.056024240307861364,0.03125,1,0.824206593046602
0,35,0.6093145802576201,0.0,0.3906854197423799,1.0,,0.0,27.549026839067125,0.7730610884844817,0.8522056577844559,0.9677187899803075,0.0686162721230812,0.03125,1,0.7590236818925663
0,36,0.5988527056927172,0.0,0.4011472943072828,1.0,,0.0,28.788599782101826,0.8255541981011205,0.8952870853363047,0.9815071004920672,0.05720277750096514,0.03125,1,0.8212771678456265
0,37,0.6150898968412578,0.0,0.3849101031587422,1.0,,0.0,27.97193340388207,0.7902541094042075,0.868230198502078,0.9754007023542626,0.06464709950836364,0.03125,1,0.7817174597067855
0,38,0.6063618659973145,0.0,0.39363813400268555,1.0,,0.0,26.555195086421165,0.7234342205026952,0.8214078693378606,0.971766420365167,0.08149350531394597,0.03125,1,0.7116406777847986
0,39,0.618438439273875,0.0,0.381561560726125,1.0,,0.0,27.28008559473043,0.7545298192870379,0.8455361561234369,0.974483329204452,0.07316770935023553,0.03125,1,0.7466894978288725
0,40,0.6015258423685248,0.0,0.3984741576314752,1.0,,0.0,26.705280511395326,0.7338321150899412,0.8266299684053461,0.967069938796051,0.07860906087409218,0.03125,1,0.7191578103879923
0,41,0.564212291372051,0.0,0.435787708627949,1.0,,0.0,27.772419357212883,0.7792221769215355,0.8613140051379751,0.974214034687899,0.06716666071897685,0.03125,1,0.7708484443836114
0,42,0.5759994460269799,0.0,0.42400055397302006,1.0,,0.0,28.078866207790625,0.8007979313060926,0.8709857822785213,0.9684094571512828,0.06232740006711085,0.03125,1,0.7865531769226494
0,43,0.5612439155578614,0.0,0.43875608444213865,1.0,,0.0,28.444666364115758,0.8136498270549267,0.8833172286265293,0.9730459510742646,0.059612176747728354,0.03125,1,0.8037163932753367
0,44,0.5629551090853527,0.0,0.43704489091464727,1.0,,0.0,28.293680998454104,0.8023566832043996,0.8789057487655321,0.9775216849040043,0.061991601435352796,0.03125,1,0.7964757067684544
0,45,0.5712450919218589,0.0,0.4287549080781411,1.0,,0.0,29.10326164447146,0.8485074213214747,0.9032459749157365,0.9707723297921619,0.052828596533695926,0.03125,1,0.8347942483588101
0,46,0.5492302134959814,0.0,0.45076978650401855,1.0,,0.0,28.86362825444391,0.833828521370295,0.8973564024679768,0.9758636548675419,0.0555856923157709,0.03125,1,0.8247788748058392
0,47,0.5727754645026577,0.0,0.4272245354973423,1.0,,0.0,27.71339538569003,0.7785315804457512,0.8594479492387975,0.9732197218519747,0.06732761161906026,0.03125,1,0.7686584715100485
0,48,0.5744518787406085,0.0,0.42554812125939145,1.0,,0.0,29.221807546849274,0.8515183793976608,0.9091522782259811,0.9785465128794973,0.05228018668457018,0.03125,1,0.8428515051427715
0,49,0.5599067668424514,0.0,0.44009323315754856,1.0,,0.0,28.54936863805381,0.8182644416133869,0.8865053379599834,0.9752253661195223,0.058666380334620384,0.03125,1,0.809138671370045
0,50,0.5717266202207552,0.0,0.42827337977924484,1.0,,0.0,29.41898812618258,0.8619606163790141,0.9154981190368939,0.9798651554998581,0.05042199174219053,0.03125,1,0.8529277805880443
0,51,0.5450423244439835,0.0,0.4549576755560165,1.0,,0.0,28.464054985216016,0.8136993346377277,0.8843982355200448,0.9757520610915976,0.05960194935552599,0.03125,1,0.805382514421368
0,52,0.5870923282945687,0.0,0.4129076717054313,1.0,,0.0,26.563371135785538,0.7267850918269037,0.8224614550969552,0.9699778817526429,0.08055257627145011,0.03125,1,0.7132438799370341
0,53,0.5871121326889888,0.0,0.41288786731101124,1.0,,0.0,27.886594508341002,0.7820003379855733,0.8661312987951448,0.975662139466946,0.06652305848025843,0.03125,1,0.7761769721035017
0,54,0.6024099319030818,0.0,0.3975900680969182,1.0,,0.0,27.0464650726471,0.7506485553870094,0.8381262764336636,0.9633799972038323,0.07415856938842087,0.03125,1,0.7350607155596425
0,55,0.6125354833112459,0.0,0.38746451668875415,1.0,,0.0,27.139305154675654,0.751791886655817,0.8399234158298291,0.9714039945895413,0.07386529865097773,0.03125,1,0.7401287810324166
0,56,0.5565261286026859,0.0,0.4434738713973141,1.0,,0.0,27.89939318408436,0.7868392774110997,0.8655562680693547,0.9713477241562272,0.06541673715519658,0.03125,1,0.7767507783137334
0,57,0.5678873813105826,0.0,0.4321126186894174,1.0,,0.0,27.628436608421367,0.7714490484056157,0.8559327310291769,0.9743610633896665,0.06900069760352118,0.03125,1,0.7631989353156444
0,58,0.573897953447458,0.0,0.426102046552542,1.0,,0.0,27.34271010325239,0.7627439684703405,0.8473933008476195,0.9687760235374364,0.0711141350895777,0.03125,1,0.7501328104571591
0,59,0.566830776298295,0.0,0.43316922370170496,1.0,,0.0,27.654664905261264,0.773329710103527,0.8577575583119752,0.9734812793997093,0.06855242204907855,0.03125,1,0.764942324062332
0,60,0.5805840582040677,0.0,0.41941594179593233,1.0,,0.0,28.928174906428602,0.8363228883363806,0.8995193365147867,0.9770427191543135,0.05510723523627866,0.03125,1,0.82799640841145
0,61,0.6037101947192449,0.0,0.3962898052807551,1.0,,0.0,27.495245346245813,0.7645368729506528,0.8529105617783157,0.9747189914493786,0.0706736208475958,0.03125,1,0.757279230955431
0,62,0.6127249015856783,0.0,0.38727509841432173,1.0,,0.0,27.724133999776964,0.7800250691375613,0.8603303793280836,0.9697257607977756,0.06698002172980203,0.03125,1,0.7687185179419299
0,63,0.5904648071138908,0.0,0.4095351928861092,1.0,,0.0,27.06763042277075,0.7457296063591837,0.83850971331927,0.973041452195046,0.07543364596524547,0.03125,1,0.7364162034322841
0,64,0.5945584970870259,0.0,0.4054415029129741,1.0,,0.0,27.438968422278354,0.767132626838767,0.8497310873543539,0.9725079342699444,0.07004067830708677,0.03125,1,0.755547979291937
0,65,0.6006620823128521,0.0,0.3993379176871479,1.0,,0.0,27.167796118392257,0.7530449688420224,0.8419456650310366,0.9702324784099929,0.07354520815267322,0.03125,1,0.7416239204231062
0,66,0.5542937428121841,0.0,0.44570625718781587,1.0,,0.0,28.858998198253943,0.8279743145446079,0.8971385428520418,0.9783893819856566,0.05672499658532471,0.03125,1,0.8229425698752587
0,67,0.5471519741606048,0.0,0.4528480258393952,1.0,,0.0,29.603498889199063,0.8703705116518952,0.9211492943498669,0.9784782100733898,0.04897357897089992,0.03125,1,0.8607405450270686
0,68,0.5694364959906869,0.0,0.4305635040093131,1.0,,0.0,28.24391091517483,0.8018721006641827,0.8773535216716125,0.975133350683725,0.06209579977986142,0.03125,1,0.7941714167615826
0,69,0.5622989036517996,0.0,0.4377010963482004,1.0,,0.0,27.92660397643036,0.7872222841011003,0.8666525427219334,0.9744747125481928,0.06532996058226062,0.03125,1,0.7787957480407502
0,70,0.5756278471099959,0.0,0.4243721528900041,1.0,,0.0,27.88294573151281,0.7817603592673048,0.8653985266600125,0.9786428692141491,0.06657840891260564,0.03125,1,0.7766584864041131
0,71,0.6084199847716626,0.0,0.3915800152283374,1.0,,0.0,27.974269454026484,0.7905931834910689,0.8682394803770827,0.973191223837875,0.0645711746558583,0.03125,1,0.7811609287830361
0,72,0.5859257571109384,0.0,0.4140742428890616,1.0,,0.0,27.695740344368662,0.7781167530701261,0.8582237838841124,0.9729556241197135,0.06742447693716848,0.03125,1,0.7675877411239254
0,73,0.5454518138139094,0.0,0.4545481861860906,1.0,,0.0,28.089283084693992,0.7995820083398137,0.8713370748971138,0.9667540230732738,0.06259060615638627,0.03125,1,0.7857486103069553
0,74,0.615558798208819,0.0,0.384441201791181,1.0,,0.0,28.133358584048718,0.7961536633026614,0.8738228670247272,0.9736838434457827,0.0633387270572888,0.03125,1,0.7882437241503748
0,75,0.5354755562499852,0.0,0.4645244437500148,1.0,,0.0,29.927075495784628,0.8901096317709362,0.9309575173307144,0.9742855928510672,0.04573529735243988,0.03125,1,0.8758165546108948
0,76,0.5765440197382204,0.0,0.42345598026177955,1.0,,0.0,28.164915893376996,0.799355356316866,0.8738335790931802,0.9757413254048284,0.06263979139768162,0.03125,1,0.7906803283109911
0,77,0.5433455334958109,0.0,0.45665446650418906,1.0,,0.0,28.92565904818999,0.8367316256655642,0.8990632700542196,0.9757053912414075,0.055029226934818924,0.03125,1,0.8274716422806699
0,78,0.543662043343003,0.0,0.45633795665699695,1.0,,0.0,28.371738278157007,0.8120165965643735,0.880524310081556,0.9714676200121676,0.05995055904392367,0.03125,1,0.800320554775132
0,79,0.5513147507713161,0.0,0.4486852492286839,1.0,,0.0,28.227102953556766,0.803738887434062,0.8765139999863757,0.9736806926604821,0.06169534981010571,0.03125,1,0.793914840885866
0,80,0.5686432425425393,0.0,0.4313567574574607,1.0,,0.0,28.260268759576757,0.8005795770637067,0.8776225018664238,0.9782921680156947,0.06237458468571267,0.03125,1,0.7949590065290806
0,81,0.5978240337727203,0.0,0.4021759662272797,1.0,,0.0,28.729209973752305,0.8238145987212887,0.8925742109944095,0.9804406957012558,0.057548694307481954,0.03125,1,0.8181937937108985
0,82,0.5467704032124912,0.0,0.45322959678750885,1.0,,0.0,29.126514008615917,0.8418573282763051,0.9060872459046012,0.9816381027753358,0.054060301141614066,0.03125,1,0.8372464703217897
0,83,0.6202894915057847,0.0,0.3797105084942153,1.0,,0.0,27.289022100384308,0.754840881075878,0.8455124987586181,0.9765831913286543,0.07308887281794138,0.03125,1,0.7476138173175191
0,84,0.5489243524859467,0.0,0.45107564751405327,1.0,,0.0,28.61914738034122,0.8225613030974912,0.8885631370244114,0.9744059717351428,0.05779920600136852,0.03125,1,0.8124871756676205
0,85,0.549063652030378,0.0,0.450936347969622,1.0,,0.0,29.44207190780739,0.8589084451906113,0.9161753325784789,0.9786901858337993,0.05095818748711885,0.03125,1,0.8518296985934771
0,86,0.6044003332387383,0.0,0.3955996667612617,1.0,,0.0,28.27330511870414,0.8033787729495082,0.8780304839412524,0.9743578966236437,0.06177239748328674,0.03125,1,0.7952215280732015
0,87,0.6136159233808587,0.0,0.3863840766191413,1.0,,0.0,28.36386086441972,0.8097186853122844,0.879965930856354,0.9746145397234036,0.06042990873590872,0.03125,1,0.8000026367431574
0,88,0.5695758884884007,0.0,0.4304241115115993,1.0,,0.0,28.170149139189213,0.8064777876743634,0.8738237147792431,0.9678930226793226,0.0611124894595514,0.03125,1,0.7912516029776289
0,89,0.5606055573107458,0.0,0.4393944426892542,1.0,,0.0,28.966001513827653,0.8410206109417545,0.8999840975386525,0.9741982408638081,0.05421729495448241,0.03125,1,0.829685534329644
0,90,0.5561897553754767,0.0,0.44381024462452334,1.0,,0.0,28.542450533482015,0.8171146113875618,0.8867689988595714,0.9772730598849386,0.05890063276235733,0.03125,1,0.8093805998632115
0,91,0.5947494026205142,0.0,0.40525059737948577,1.0,,0.0,28.189804406904585,0.8012057198285167,0.8748692785082139,0.9729881376463402,0.062239375759196476,0.03125,1,0.7913566997713837
0,92,0.5949649289644472,0.0,0.4050350710355528,1.0,,0.0,27.03174719553846,0.7450915308804191,0.8369294341211425,0.9709969418628147,0.07560064459498719,0.03125,1,0.7342745856310146
0,93,0.5626164755943315,0.0,0.4373835244056685,1.0,,0.0,28.262810816925484,0.8043369519026499,0.8774427613991238,0.973351142462514,0.06156760422870839,0.03125,1,0.7949045560499028
0,94,0.5414075156628249,0.0,0.45859248433717514,1.0,,0.0,28.97393258280095,0.8364287756152511,0.9012033073554538,0.9787437525689543,0.05508701583971188,0.03125,1,0.8299274528901159
0,95,0.5374273688522457,0.0,0.46257263114775427,1.0,,0.0,28.979741441516822,0.841651832714915,0.901032680717519,0.9754251465252554,0.054098816241785565,0.03125,1,0.8310315653337237
0,96,0.562497347249676,0.0,0.43750265275032396,1.0,,0.0,28.371873977796135,0.8091210271778337,0.8814764234958771,0.976468183830974,0.06055520845541831,0.03125,1,0.8011973651252084
0,97,0.5996404590895376,0.0,0.40035954091046244,1.0,,0.0,26.90715397433176,0.7401237765914919,0.8335901029254106,0.9729043510713058,0.07691352462489529,0.03125,1,0.7296305189371461
0,98,0.5867954602585154,0.0,0.41320453974148463,1.0,,0.0,27.96105513292593,0.7941483567637347,0.8669440773629933,0.9698937727566531,0.06378045572342449,0.03125,1,0.7808568449612254
0,99,0.5941907359329408,0.0,0.4058092640670592,1.0,,0.0,28.072795260307732,0.7954316556805132,0.8711918946258216,0.9736634649091827,0.06349741723880102,0.03125,1,0.7859705628516145
0,100,0.5662978562792501,0.0,0.4337021437207499,1.0,,0.0,27.5302839310136,0.7766955929699404,0.852516003470246,0.963385719088535,0.06775738631249545,0.03125,1,0.7591802035464255
0,101,0.5728381855282187,0.0,0.42716181447178125,1.0,,0.0,27.2287081125008,0.75787289156792,0.843984894683495,0.9674121647446093,0.07232486533490651,0.03125,1,0.7445574096170208
0,102,0.585145315534131,0.0,0.41485468446586904,1.0,,0.0,27.096723695099666,0.7495183535465655,0.8398860396976285,0.9708389008181361,0.07444961674418295,0.03125,1,0.7384281680889115
0,103,0.5964573461346762,0.0,0.40354265386532384,1.0,,0.0,28.3655467525936,0.8127020925346976,0.879444386889761,0.9720254300590644,0.0598083006753693,0.03125,1,0.8002016626446331
0,104,0.5405084220425135,0.0,0.4594915779574865,1.0,,0.0,29.18281622728554,0.8458425029046098,0.9078850118413194,0.9800212385267068,0.05331877649285545,0.03125,1,0.8398920338522285
0,105,0.5964236095931794,0.0,0.4035763904068206,1.0,,0.0,27.314707434206586,0.7572108160472742,0.8463104158588494,0.9734214259288103,0.0724910109892722,0.03125,1,0.7483153188664686
0,106,0.5368091992693468,0.0,0.4631908007306532,1.0,,0.0,29.744537610840236,0.8788864264675225,0.926225947106589,0.9755475100867446,0.047549298514236796,0.03125,1,0.8673219032605176
0,107,0.5608875744255643,0.0,0.43911242557443575,1.0,,0.0,29.148337520682894,0.8418597521491329,0.9068413274499812,0.9804062988336345,0.05405984700979515,0.03125,1,0.8374412730547957
0,108,0.562507874550188,0.0,0.437492125449812,1.0,,0.0,28.33614025231418,0.8069008689510972,0.8796564418382374,0.9744600373932855,0.061022946615245544,0.03125,1,0.7982718440212296
0,109,0.6058029827713797,0.0,0.39419701722862033,1.0,,0.0,27.187750818745577,0.7523235834881506,0.842195554169622,0.9669830011155954,0.07372931086090995,0.03125,1,0.7405410542175379
0,110,0.6122989724184155,0.0,0.38770102758158453,1.0,,0.0,27.59629041879998,0.7734076092104187,0.8559314882677713,0.9710527606897834,0.06853391691978027,0.03125,1,0.762646934169896
0,111,0.5507720612348269,0.0,0.4492279387651731,1.0,,0.0,27.991727571991866,0.7936136155030237,0.8682637598800877,0.9714013072406587,0.06389876785368337,0.03125,1,0.7821012991360117
0,112,0.5938021709886825,0.0,0.4061978290113175,1.0,,0.0,27.42611517226763,0.7653836161419814,0.8504245479287387,0.9724013139973898,0.07046652688462675,0.03125,1,0.7549293536129675
0,113,0.5625401952180874,0.0,0.4374598047819126,1.0,,0.0,28.625347108031267,0.8252829773352188,0.8887015893742758,0.9754872502454423,0.05725657222079601,0.03125,1,0.8141599501456194
0,114,0.6061220406678309,0.0,0.39387795933216907,1.0,,0.0,28.041121324916066,0.7937834378004595,0.8700713701444194,0.973980694097688,0.063861170709024,0.03125,1,0.7844548241516226
0,115,0.534671447694566,0.0,0.465328552305434,1.0,,0.0,28.451543865530454,0.8135657641629711,0.8833058118784264,0.9710227234826755,0.0596295466765037,0.03125,1,0.8030712104154525
0,116,0.5508712628499266,0.0,0.4491287371500734,1.0,,0.0,28.476289499240092,0.8162682832781225,0.883798397128141,0.9720332815886252,0.05907365075631915,0.03125,1,0.8050909104252445
0,117,0.6059102763490749,0.0,0.3940897236509251,1.0,,0.0,27.803555364008883,0.7802772168423019,0.8626550889230676,0.9751516456271171,0.0669215149732884,0.03125,1,0.7726301095064552
0,118,0.578316767690734,0.0,0.42168323230926597,1.0,,0.0,27.862677051518506,0.7830812611999032,0.8647941201003291,0.9729425157254362,0.06627431638066868,0.03125,1,0.7748373801215944
0,119,0.5589006660794502,0.0,0.4410993339205498,1.0,,0.0,27.710780726760163,0.7823354037416909,0.8581713046697385,0.9650696406148944,0.06644585345295255,0.03125,1,0.7669850396310065
1,0,0.5608522438823556,0.0,0.43914775611764445,1.0,,0.0,29.127983604636224,0.848199933987785,0.9055226397518095,0.975404329193174,0.0528849243865775,0.03125,1,0.8376034412912298
1,1,0.5553031537508246,0.0,0.4446968462491754,1.0,,0.0,28.224614331905993,0.8080508007337384,0.875067776893733,0.9656944049921055,0.06078023218639532,0.03125,1,0.7923985735529707
1,2,0.5636592412641112,0.0,0.43634075873588885,1.0,,0.0,28.599577120355537,0.8177989768074614,0.8891456125147932,0.977240998914404,0.05876109603006182,0.03125,1,0.811451178486691
1,3,0.5526580883649898,0.0,0.44734191163501025,1.0,,0.0,29.62106489967673,0.8706434380003539,0.9221303657643829,0.9807280292273655,0.04892727722236277,0.03125,1,0.8622781260518825
1,4,0.59228081145499,0.0,0.40771918854501,1.0,,0.0,28.19158993123184,0.8028690956054099,0.875137350253712,0.9700998347685683,0.06188160911064827,0.03125,1,0.7912799091465229
1,5,0.5484404495312842,0.0,0.45155955046871576,1.0,,0.0,30.037312241937382,0.8882966904336124,0.9359761732806644,0.9854262636272281,0.04602356493935663,0.03125,1,0.8824392913777819
1,6,0.5940584614486588,0.0,0.4059415385513412,1.0,,0.0,28.570546603998004,0.8194101485622135,0.8873387114421606,0.9751297838719277,0.058433894572566515,0.03125,1,0.8102422463711566
1,7,0.5778268972281585,0.0,0.4221731027718415,1.0,,0.0,27.992871979581896,0.7947474843277684,0.866354625794764,0.9668301740240433,0.06364815824287683,0.03125,1,0.7801382030138588
1,8,0.563492126248047,0.0,0.436507873751953,1.0,,0.0,28.516465035871942,0.8156719657751897,0.8866169761930172,0.9725006130601439,0.05919586327209217,0.03125,1,0.8068145935292397
1,9,0.540535317834086,0.0,0.45946468216591396,1.0,,0.0,29.753076110501564,0.8741841556174618,0.9265287059835279,0.9816880467215108,0.048330549966778436,0.03125,1,0.8676510216057569
1,10,0.5444567686491175,0.0,0.4555432313508825,1.0,,0.0,28.40017243957835,0.8158967628028442,0.8813629817029444,0.9698469869561651,0.05914976249748414,0.03125,1,0.8021896557680077
1,11,0.5636815958898606,0.0,0.43631840411013945,1.0,,0.0,28.682060621118836,0.8267318796182059,0.8909220681345428,0.969988439356644,0.056969778290733325,0.03125,1,0.8146543827168425
1,12,0.5414007820680492,0.0,0.4585992179319508,1.0,,0.0,29.25293712388256,0.8539445170141424,0.9097827396609179,0.9787843153216346,0.05184243940534942,0.03125,1,0.84459785594682
1,13,0.5371680151076735,0.0,0.46283198489232646,1.0,,0.0,29.186386679703283,0.850974864105841,0.9080904360307486,0.977476086839244,0.052378758660609495,0.03125,1,0.8413643502470072
1,14,0.5746528338255587,0.0,0.42534716617444135,1.0,,0.0,28.83677312192287,0.8320249390456004,0.8966891591989388,0.9778274208817231,0.05593423220835458,0.03125,1,0.8240446368244299
1,15,0.5554934834698898,0.0,0.4445065165301102,1.0,,0.0,28.613889437405227,0.820090736976687,0.8891244096761652,0.9751054099443667,0.05829622665065785,0.03125,1,0.8118741554594093
1,16,0.5417835073716039,0.0,0.45821649262839614,1.0,,0.0,29.085629536935052,0.8432407597343068,0.9045700055112262,0.9750602404405084,0.053801723569739286,0.03125,1,0.8344597820387555
1,17,0.5618619543680489,0.0,0.43813804563195113,1.0,,0.0,28.59619316719142,0.8244233314772715,0.8882773587414332,0.9646740260110841,0.05742741140679882,0.03125,1,0.809667771655013
1,18,0.5737521834427172,0.0,0.42624781655728283,1.0,,0.0,27.889481676589046,0.7846185538320294,0.8646811902650666,0.9757388338288393,0.06592215570906024,0.03125,1,0.7766807472960953
1,19,0.5841789982544955,0.0,0.4158210017455045,1.0,,0.0,28.584965250031097,0.8146951460741876,0.8880672701240856,0.9798947436146719,0.059396604497689784,0.03125,1,0.8102920173973083
1,20,0.5555766453748052,0.0,0.4444233546251948,1.0,,0.0,28.723604604121785,0.82893732318743,0.8925246606642905,0.97154394693244,0.05653599058405478,0.03125,1,0.8173589730396765
1,21,0.5620250105857849,0.0,0.4379749894142151,1.0,,0.0,29.617764260238072,0.8706939571861837,0.9225140677365752,0.9800067612386263,0.048918711483357996,0.03125,1,0.8622162953123584
1,22,0.5596425772601582,0.0,0.4403574227398418,1.0,,0.0,28.76581755983885,0.8268688842015537,0.8941737042753733,0.9765565954459046,0.056942734224628366,0.03125,1,0.8194012444895132
1,23,0.5313811871621901,0.0,0.46861881283780993,1.0,,0.0,30.12980068646465,0.8973840354089123,0.9387430167572718,0.9783200107838513,0.04459667072713762,0.03125,1,0.8861599455633284
1,24,0.5597611447592507,0.0,0.44023885524074935,1.0,,0.0,28.715056593502233,0.8290954049500697,0.8917437597043825,0.9710011608662217,0.05650502471463062,0.03125,1,0.8167667289492879
1,25,0.5392628534706838,0.0,0.4607371465293162,1.0,,0.0,29.131859412992775,0.848667795652587,0.9051489969317006,0.9725486349870918,0.052799241761902045,0.03125,1,0.8367038900168001
1,26,0.5473106421754039,0.0,0.4526893578245961,1.0,,0.0,27.923687479580146,0.790149631339217,0.8659560023337328,0.9693591020662988,0.06467051203369394,0.03125,1,0.7780174008641513
1,27,0.5423610117748618,0.0,0.45763898822513815,1.0,,0.0,29.36540914773043,0.8577695799173297,0.9136203090526475,0.977557347261174,0.05115971723038394,0.03125,1,0.8488956169261583
1,28,0.5503412316094952,0.0,0.4496587683905048,1.0,,0.0,29.57695892060227,0.8702944682861821,0.9202813244299783,0.9777573239950313,0.048986487473569706,0.03125,1,0.8597580046615491
1,29,0.5545902038297663,0.0,0.4454097961702337,1.0,,0.0,29.08921505924724,0.8461240316934308,0.9039534040949161,0.9765335309769095,0.0532667784978334,0.03125,1,0.8359084905558135
1,30,0.557949179748311,0.0,0.44205082025168896,1.0,,0.0,28.47696121983334,0.8107294838100121,0.8849692638230756,0.97857558664542,0.06021858342727011,0.03125,1,0.8054453763896441
1,31,0.5446852026389767,0.0,0.4553147973610233,1.0,,0.0,29.593907187137553,0.8740509717092142,0.9195599673727272,0.9715955303225421,0.04835286354359205,0.03125,1,0.8590889191245025
1,32,0.5579860103985742,0.0,0.4420139896014258,1.0,,0.0,29.007258442859424,0.8461961398717648,0.9006059256996446,0.9680065251089274,0.05325346837216614,0.03125,1,0.8305693924370889
1,33,0.5501683541835934,0.0,0.44983164581640656,1.0,,0.0,29.444819704303644,0.8595609983448914,0.9167387346452321,0.9806877328686284,0.050843071848173056,0.03125,1,0.8530809470561991
1,34,0.5554647314597431,0.0,0.44453526854025693,1.0,,0.0,29.282428642577063,0.8542405579882326,0.9111854028867294,0.9782319192759826,0.05178927634850509,0.03125,1,0.8455475207173617
1,35,0.5633165623673384,0.0,0.4366834376326616,1.0,,0.0,28.797433707935756,0.8321568674221494,0.8946338788260194,0.9753872057772355,0.05590866330612902,0.03125,1,0.8218505666174042
1,36,0.5555111335528875,0.0,0.4444888664471125,1.0,,0.0,29.799246738750977,0.8772505798332184,0.9281476547111457,0.9826828567420666,0.04781964071400933,0.03125,1,0.8705506393856526
1,37,0.5819135649412202,0.0,0.41808643505877985,1.0,,0.0,29.068276110713523,0.843225206413398,0.9039699196676727,0.97650016776744,0.053804623760015144,0.03125,1,0.8344523155007073
1,38,0.5884515365169015,0.0,0.4115484634830985,1.0,,0.0,27.2316704210746,0.7539765673891159,0.8436693024268548,0.9722786948233956,0.07330813753006793,0.03125,1,0.7442622367387577
1,39,0.5713215894813346,0.0,0.4286784105186654,1.0,,0.0,28.447039850401154,0.8109980838768829,0.8836311470127882,0.975305282990279,0.060162552218606724,0.03125,1,0.8034920847944901
1,40,0.5717197729304471,0.0,0.42828022706955293,1.0,,0.0,27.793017308063778,0.7859567762838673,0.8622650605803251,0.9669011392921202,0.06561712156528439,0.03125,1,0.7721205383251805
1,41,0.5668470548924652,0.0,0.43315294510753477,1.0,,0.0,27.850904656217732,0.7826383636994906,0.864028713934895,0.9744906910495033,0.06637612330272084,0.03125,1,0.7746495704013531
1,42,0.5752061144101267,0.0,0.4247938855898733,1.0,,0.0,28.083447907459544,0.8018027857997484,0.8712589183432777,0.9678762677957823,0.0621107186603284,0.03125,1,0.7870030334093551
1,43,0.5565137306537652,0.0,0.4434862693462348,1.0,,0.0,28.666919289731183,0.8247660433072735,0.8907619856898554,0.9736145963331585,0.057359242565666387,0.03125,1,0.8147753273769384
1,44,0.5654129657583,0.0,0.4345870342417,1.0,,0.0,28.173505611415514,0.7976607837434269,0.8748480781821686,0.9761598687497208,0.06300875358336576,0.03125,1,0.7906672299160289
1,45,0.5444377176967146,0.0,0.45556228230328544,1.0,,0.0,29.34473278439715,0.8636509532689953,0.9111639943219145,0.9695295619892583,0.05012747007669101,0.03125,1,0.8472527337128333
1,46,0.5491397137605568,0.0,0.4508602862394432,1.0,,0.0,29.119342483072987,0.845561537745956,0.9058193229678929,0.9773414542650009,0.05337072099319976,0.03125,1,0.8371851158563425
1,47,0.57260352201362,0.0,0.42739647798638003,1.0,,0.0,27.773214208861177,0.781121287761883,0.8617116556363394,0.9729171752944389,0.06672603372865782,0.03125,1,0.7714766133149187
1,48,0.5382855534553528,0.0,0.4617144465446472,1.0,,0.0,29.784659322564927,0.8812922914710684,0.9274941062260326,0.9791770820435349,0.04715447637371652,0.03125,1,0.8705831407077438
1,49,0.5599067668424514,0.0,0.44009323315754856,1.0,,0.0,28.54936863805381,0.8182644416133869,0.8865053379599834,0.9752253661195223,0.058666380334620384,0.03125,1,0.809138671370045
1,50,0.5528103048751033,0.0,0.4471896951248967,1.0,,0.0,29.535502282507547,0.8687134104217554,0.9194586581560745,0.9795232790627484,0.04925564711310248,0.03125,1,0.8588418841257743
1,51,0.5406311557059187,0.0,0.4593688442940813,1.0,,0.0,28.952311250016475,0.8394018110357532,0.9002942007395994,0.9758150825157959,0.05452232689630819,0.03125,1,0.8295448102931671
1,52,0.5867475405343019,0.0,0.4132524594656981,1.0,,0.0,26.68357138340741,0.7322425124783756,0.8263450861670525,0.970024032890925,0.07904332453104021,0.03125,1,0.7190269311849335
1,53,0.5559219387479792,0.0,0.44407806125202076,1.0,,0.0,28.4983244622426,0.8107466907528698,0.886148136121964,0.9799065664768615,0.06021499241600588,0.03125,1,0.8067085374112499
1,54,0.5543655958177466,0.0,0.4456344041822534,1.0,,0.0,28.380152502798264,0.8120719135258019,0.8820991746819962,0.9725590079913541,0.05993906678533924,0.03125,1,0.8015836163581957
1,55,0.5767897758915349,0.0,0.4232102241084651,1.0,,0.0,27.879870880984324,0.7874537128570644,0.8643937046467131,0.9713570862494869,0.06527758232715826,0.03125,1,0.7762436492055479
1,56,0.5534498803617758,0.0,0.4465501196382242,1.0,,0.0,28.154769859622874,0.7986441862663984,0.8741691661981189,0.9716989742660586,0.06279437184003558,0.03125,1,0.789080636727599
1,57,0.5604345077317874,0.0,0.4395654922682126,1.0,,0.0,27.86090008914825,0.782046096889037,0.8637133523581242,0.9751284614144854,0.06651250953968373,0.03125,1,0.774542983439022
1,58,0.5789038261791263,0.0,0.4210961738208737,1.0,,0.0,27.671633268527646,0.7782644045860104,0.8579282395485477,0.9701504638639588,0.06738998323196992,0.03125,1,0.7663202641887749
1,59,0.5688808865281412,0.0,0.43111911347185883,1.0,,0.0,27.69694208284072,0.7750851326762703,0.8591748683677212,0.9738253853031819,0.06813662679282308,0.03125,1,0.7669991068101907
1,60,0.547293743063185,0.0,0.452706256936815,1.0,,0.0,29.752833060857593,0.877306187848065,0.9265341807365294,0.9798564850768665,0.047810425672049316,0.03125,1,0.8683414462244838
1,61,0.5612382861103362,0.0,0.4387617138896638,1.0,,0.0,28.73632868575239,0.8246347185757205,0.8932843184495859,0.9781306105550808,0.05738535481177618,0.03125,1,0.8182080153390928
1,62,0.5659402801534036,0.0,0.4340597198465964,1.0,,0.0,28.67204386962526,0.8259399601580052,0.8912722177506385,0.9741772970517324,0.05712635138161873,0.03125,1,0.8157791425630189
1,63,0.5481099424899741,0.0,0.45189005751002587,1.0,,0.0,27.9297106631989,0.7882330700083595,0.8662057316581023,0.9735504288162079,0.06510150247752798,0.03125,1,0.7787477669401315
1,64,0.5722779875685184,0.0,0.42772201243148156,1.0,,0.0,28.305111364699503,0.808518464553716,0.8783037730801966,0.9752858566254433,0.060681799420567346,0.03125,1,0.798257337271821
1,65,0.5510175120107136,0.0,0.4489824879892864,1.0,,0.0,28.632959352602192,0.8216611512868315,0.8901580187333584,0.975613877912997,0.05797980307347334,0.03125,1,0.8134407774861583
1,66,0.5579896486990253,0.0,0.44201035130097466,1.0,,0.0,28.776561178458373,0.8244034410654069,0.8946354259642281,0.978176100201194,0.05743137029694661,0.03125,1,0.819217720531449
1,67,0.5484764170996171,0.0,0.45152358290038286,1.0,,0.0,29.600782914946837,0.8697657294895296,0.9211487707871692,0.9785767036479752,0.049076335991962344,0.03125,1,0.8604918504741347
1,68,0.5686247884254023,0.0,0.4313752115745977,1.0,,0.0,28.25803046661106,0.8042327380877374,0.8775269531197891,0.9729473716494366,0.06158984508197999,0.03125,1,0.7947164079584944
1,69,0.5635447986794121,0.0,0.4364552013205879,1.0,,0.0,28.156987375977856,0.7975017998404846,0.8741227873636619,0.9744025704560181,0.06304348073482795,0.03125,1,0.7894763952463539
1,70,0.5708624136452904,0.0,0.42913758635470955,1.0,,0.0,27.974394287507764,0.7860577027914358,0.8685992025961646,0.9783803255470768,0.06559417371893392,0.03125,1,0.7810484643796588
1,71,0.5558762787206939,0.0,0.4441237212793061,1.0,,0.0,29.129240395252836,0.8466822101890574,0.9061312756326508,0.9771756856136641,0.05316383356020474,0.03125,1,0.8378659404210139
1,72,0.5495395521517655,0.0,0.45046044784823447,1.0,,0.0,28.87708238083123,0.8347657281056801,0.8973161572863985,0.9746892608812115,0.05540543671895912,0.03125,1,0.8249099647463422
1,73,0.5495156766912291,0.0,0.45048432330877086,1.0,,0.0,28.24181483069023,0.8082210040694067,0.876268142937129,0.9666607714799558,0.06074438972691931,0.03125,1,0.7935747062745822
1,74,0.5648389822659224,0.0,0.43516101773407756,1.0,,0.0,29.02207427733311,0.8400372562573339,0.9027381682203097,0.9777605821653591,0.05440238529753141,0.03125,1,0.8324137779911733
1,75,0.5434078734513818,0.0,0.45659212654861825,1.0,,0.0,29.930373761397973,0.8905966276404658,0.9313941717104082,0.9757708134461796,0.04565817046577594,0.03125,1,0.8767652076657602
1,76,0.5646332198862442,0.0,0.43536678011375585,1.0,,0.0,28.480160276923243,0.8153998975386278,0.8841026883460524,0.9757568648916138,0.05925170636105787,0.03125,1,0.8061460813538616
1,77,0.546055368456825,0.0,0.453944631543175,1.0,,0.0,28.866704956191008,0.8359371098431743,0.8970529943016881,0.9729000510680295,0.05518096323748782,0.03125,1,0.824576579129491
1,78,0.549006511924325,0.0,0.45099348807567496,1.0,,0.0,28.303288542252275,0.809124090299581,0.8784263478135783,0.9719331096786551,0.06055456560649284,0.03125,1,0.7974475467447493
1,79,0.5534611701965332,0.0,0.4465388298034668,1.0,,0.0,28.1548614563049,0.8017612719860416,0.8739439676418768,0.971470477660001,0.06211965553966915,0.03125,1,0.7902692127696274
1,80,0.5466082194980957,0.0,0.4533917805019043,1.0,,0.0,28.92385537118131,0.8328289798469152,0.899292010106048,0.9783974956176935,0.055778583230272114,0.03125,1,0.8267890320425627
1,81,0.5979034279553443,0.0,0.40209657204465565,1.0,,0.0,28.76380863756067,0.8258522025584532,0.8936883240656648,0.9807140710079628,0.05714372869901253,0.03125,1,0.8200840621800551
1,82,0.5340356046979101,0.0,0.4659643953020899,1.0,,0.0,29.81522251580274,0.8774353452232311,0.9285080372860083,0.9821154468614918,0.04778902930255385,0.03125,1,0.87078500255958
1,83,0.5819847588379011,0.0,0.41801524116209887,1.0,,0.0,28.71067983664189,0.8217752359379229,0.8921719258289345,0.9818815447396865,0.05795688312877454,0.03125,1,0.8173960298743028
1,84,0.5531017301817134,0.0,0.4468982698182866,1.0,,0.0,29.018554232644906,0.8418205136039113,0.9014211376325917,0.9741736838883471,0.054067199131801025,0.03125,1,0.8312849750045326
1,85,0.5547555520421643,0.0,0.4452444479578357,1.0,,0.0,29.295146807573627,0.8528998790091809,0.9112949461126932,0.9772069240854615,0.0520304719925077,0.03125,1,0.844825617337199
1,86,0.5577488040715742,0.0,0.44225119592842577,1.0,,0.0,29.08332314672772,0.843963154394512,0.9046383581737097,0.9745953064393548,0.05366719248668894,0.03125,1,0.8346230192332129
1,87,0.54237680261989,0.0,0.45762319738011004,1.0,,0.0,29.681023530135302,0.8782939841041272,0.9222945182815494,0.972792436090548,0.04764702935141136,0.03125,1,0.8635298796355368
1,88,0.5476338186187842,0.0,0.45236618138121576,1.0,,0.0,28.656786133730545,0.8309331394806168,0.8900100399176841,0.9672204997398142,0.0561462820651394,0.03125,1,0.8148246142261092
1,89,0.5605552231393,0.0,0.43944477686070005,1.0,,0.0,29.00914793946355,0.8429264741806234,0.9013822519488457,0.9743708997735258,0.05386035798763182,0.03125,1,0.8317053626680687
1,90,0.5587832494806522,0.0,0.44121675051934783,1.0,,0.0,28.639832302691467,0.8221283645921089,0.8901885823477351,0.9780674836281487,0.057885995945899264,0.03125,1,0.8145481624273732
1,91,0.5544489239068102,0.0,0.4455510760931898,1.0,,0.0,29.26786386393176,0.8528811048311118,0.9105760965812599,0.9796075395875231,0.052033857535184976,0.03125,1,0.8449742495785382
1,92,0.564410869581682,0.0,0.43558913041831804,1.0,,0.0,28.32350309066052,0.8051372086103868,0.8794690676797466,0.9755413507178969,0.06139708438388655,0.03125,1,0.7976320019517383
1,93,0.5642513086286501,0.0,0.43574869137134986,1.0,,0.0,28.25607839014713,0.8054082411637529,0.8772050798306048,0.9714498654443665,0.06133943950733133,0.03125,1,0.7945530055950425
1,94,0.5414516925811768,0.0,0.45854830741882324,1.0,,0.0,28.9992831277127,0.8392597747716661,0.9019856050302016,0.9777393124332115,0.054549172673768756,0.03125,1,0.8314604444935163
1,95,0.5421374077649819,0.0,0.45786259223501813,1.0,,0.0,29.291605624341592,0.8568800976946542,0.9114564957369132,0.978392458352379,0.05131767116457436,0.03125,1,0.8469478228887388
1,96,0.5425938466051086,0.0,0.45740615339489143,1.0,,0.0,28.98398711937698,0.838721813722565,0.9012422099114081,0.9773084080837787,0.05465097070629239,0.03125,1,0.8305555593648494
1,97,0.56190463193415,0.0,0.43809536806585003,1.0,,0.0,28.09619660141323,0.7965689804030855,0.872328098395364,0.9742108796920768,0.06324762418075815,0.03125,1,0.7874689050704115
1,98,0.5493108163600192,0.0,0.4506891836399808,1.0,,0.0,28.67340714816524,0.8312113561513839,0.8903993608041916,0.9688447298533249,0.056092170480059406,0.03125,1,0.8158536149570236
1,99,0.5626263492212008,0.0,0.4373736507787992,1.0,,0.0,28.36266009989458,0.8128198504812498,0.8801663673569127,0.9724108635491775,0.05978389681487642,0.03125,1,0.8007125159883957
1,100,0.5705660133059138,0.0,0.42943398669408617,1.0,,0.0,27.62127355316005,0.7802324651021659,0.8554329797506633,0.9631220651923525,0.06693189515212809,0.03125,1,0.763090318576191
1,101,0.5426610658037345,0.0,0.4573389341962655,1.0,,0.0,28.52462457034483,0.8177163489599042,0.8860914889472427,0.9727037265251655,0.05877792563719068,0.03125,1,0.8075949794244746
1,102,0.5664943730989976,0.0,0.43350562690100236,1.0,,0.0,27.598596081657572,0.774297130608967,0.8559906753943403,0.9709088192092213,0.06832296272793827,0.03125,1,0.7630545487898636
1,103,0.5409455793077187,0.0,0.4590544206922813,1.0,,0.0,29.210621098591822,0.8581180776172368,0.9065387761335018,0.9672035385528214,0.05109796377368386,0.03125,1,0.8404382480135931
1,104,0.5376672298691845,0.0,0.46233277013081553,1.0,,0.0,29.515702538339635,0.8633108157047205,0.9185324264405021,0.9791342617861012,0.05018659653335882,0.03125,1,0.8557765088915501
1,105,0.5448983224705307,0.0,0.4551016775294693,1.0,,0.0,29.24603262791725,0.8503584398678257,0.9097876110863886,0.9779929263034873,0.05249077834949688,0.03125,1,0.8427450449663548
1,106,0.538179374113,0.0,0.461820625887,1.0,,0.0,29.56253517055078,0.8719968357117162,0.9199701576489988,0.9728195116181584,0.048698320280243915,0.03125,1,0.8585177758209063
1,107,0.5556902446328889,0.0,0.44430975536711115,1.0,,0.0,29.369157588223576,0.853570833930678,0.9139948843389151,0.9797636825321218,0.05190962336352053,0.03125,1,0.8480828608526262
1,108,0.5627216023748286,0.0,0.4372783976251714,1.0,,0.0,28.319307273829256,0.8063995111324064,0.8791488873864144,0.974500540273179,0.06112907066049781,0.03125,1,0.7976360429338748
1,109,0.5616714610419421,0.0,0.4383285389580579,1.0,,0.0,28.196298836705044,0.7995176860199784,0.8746816389089427,0.9722854567784216,0.06260456067085556,0.03125,1,0.7903510329341877
1,110,0.5662428906569522,0.0,0.4337571093430478,1.0,,0.0,29.12557011748684,0.8468011270129783,0.906155279340531,0.9765823641179008,0.05314192743499323,0.03125,1,0.837692528386883
1,111,0.5499857565321633,0.0,0.4500142434678367,1.0,,0.0,27.963865691046156,0.7950376291271042,0.867119924706317,0.9684233995360273,0.0635841880353434,0.03125,1,0.7808784788382616
1,112,0.5590794636645231,0.0,0.4409205363354769,1.0,,0.0,28.447665556678388,0.8176052267698286,0.8835361591704162,0.9698103483971103,0.05880056656099483,0.03125,1,0.8045028375757568
1,113,0.564832863341041,0.0,0.435167136658959,1.0,,0.0,28.8104633178776,0.8349089328740174,0.8948375827485348,0.9729730054669959,0.0553779452745119,0.03125,1,0.8224661244119075
1,114,0.5570637741355555,0.0,0.4429362258644445,1.0,,0.0,29.121810666864306,0.847274781117721,0.905565813795738,0.975836108890623,0.05305476333279013,0.03125,1,0.8373113496807585
1,115,0.536451156464808,0.0,0.463548843535192,1.0,,0.0,28.7338782261152,0.8276552212205346,0.8927701233375772,0.9719557539934883,0.05678776307284624,0.03125,1,0.8171727367257399
1,116,0.5607526563412736,0.0,0.4392473436587264,1.0,,0.0,28.731705110042338,0.8268681754312663,0.8931557467545129,0.9751477358265365,0.05694287409953791,0.03125,1,0.8180670016430294
1,117,0.5520711456869583,0.0,0.44792885431304175,1.0,,0.0,28.8741851057997,0.8344825263459958,0.8973621307203046,0.9743954533784042,0.055459843990028644,0.03125,1,0.8246832314586848
1,118,0.5671585752100645,0.0,0.4328414247899355,1.0,,0.0,28.253605142114203,0.800756793820075,0.8777551733055274,0.9751407940938828,0.062336286821626265,0.03125,1,0.7939836927769595
1,119,0.5611596072331043,0.0,0.4388403927668957,1.0,,0.0,27.878806996794882,0.7892807077508577,0.8639935620046715,0.9668519927230731,0.06486555821241903,0.03125,1,0.7753458082707165
