date,mean_corr,curv,eta,entropy,dominance,h1_count,v_raw,Oh,Xi,phi,DEF,regime,phi_c,Oh_pre,Xi_c,sps
2018-02-02,0.2360451945054998,1.0,0.9523809523809523,5.742850639456314e-12,0.9999999999932572,1,3.872305706495325e-23,0.2038439138039604,1.0,1e-06,1.0,Utsuroi,1e-06,0.9803921568627451,1.0,0
2018-02-05,0.21670460102710826,3.0,0.3278688524590164,1.0797807092830254e-11,0.9999999999882022,1,1.273902062414852e-22,0.5921180353341292,1.0,1e-06,0.538403518999586,Utsuroi,1e-06,0.9803921568627451,1.0,0
2018-02-06,0.18580466067101417,3.5,0.28169014084507044,1.5096923711026285e-11,0.9999999999839031,1,2.4301369527960124e-22,0.6891865657164289,1.0,1e-06,0.893931483888526,Utsuroi,1e-06,0.9803921568627451,1.0,0
2018-02-07,0.21204541634637378,3.5,0.28169014084507044,1.541278216152701e-11,0.9999999999835872,1,2.5296629516502716e-22,0.6891865657164289,1.0,1e-06,1.0,Utsuroi,1e-06,0.9803921568627451,1.0,0
2018-02-08,0.21133073498351582,5.0,0.19801980198019803,2.2428614520901e-11,0.9999999999765714,1,5.254708676946834e-22,0.9803921568627451,1.0,1e-06,0.43300664160022606,Katashi,1e-06,0.9803921568627451,1.0,0
2018-02-09,0.21431568104417928,5.0,0.19801980198019803,1.625529710702106e-10,0.999999999836447,1,2.658601778104564e-20,0.9803921568627451,1.0,1e-06,1.0,Katashi,1e-06,0.9803921568627451,1.0,0
2018-02-12,0.22604062636082126,4.0,0.2469135802469136,0.0,0.0,0,0.0,0.7862550960986313,0.0,1e-06,0.7711316746870893,Utsuroi,1e-06,0.9803921568627451,1.0,0
2018-02-13,0.22584622823995207,5.0,0.19801980198019803,5.642508682348094e-11,0.9999999999425749,1,3.240214261733871e-21,0.9803921568627451,1.0,1e-06,0.38843714032067844,Katashi,1e-06,0.9803921568627451,1.0,0
2018-02-14,0.18793457293023408,4.0,0.2469135802469136,0.0,0.0,0,0.0,0.7862550960986313,0.0,1e-06,0.7711316746870893,Utsuroi,1e-06,0.9803921568627451,1.0,0
2018-02-15,0.18874280548932576,3.0,0.3278688524590164,0.0,0.0,0,0.0,0.5921180353341292,0.0,1e-06,0.9673373529881764,Utsuroi,1e-06,0.9803921568627451,1.0,0
2018-02-16,0.19020002367982647,2.0,0.48780487804878053,0.0,0.0,0,0.0,0.397980974569239,0.0,1e-06,0.4001550805765818,Utsuroi,1e-06,0.9803921568627451,1.0,0
2018-02-20,0.2004701537447114,2.0,0.48780487804878053,0.0,0.0,0,0.0,0.397980974569239,0.0,1e-06,1.0,Utsuroi,1e-06,0.9803921568627451,1.0,0
2018-02-21,0.21671528834504078,3.0,0.3278688524590164,0.0,0.0,0,0.0,0.5921180353341292,0.0,1e-06,0.7071838597134619,Utsuroi,1e-06,0.9803921568627451,1.0,0
2018-02-22,0.20981533953143738,3.0,0.3278688524590164,0.0,0.0,0,0.0,0.5921180353341292,0.0,1e-06,1.0,Utsuroi,1e-06,0.9803921568627451,1.0,0
2018-02-23,0.24418423308686985,2.0,0.48780487804878053,0.0,0.0,0,0.0,0.397980974569239,0.0,1e-06,0.4001550805765818,Utsuroi,1e-06,0.9803921568627451,1.0,0
2018-02-26,0.25917013688113516,2.0,0.48780487804878053,0.0,0.0,0,0.0,0.397980974569239,0.0,1e-06,1.0,Utsuroi,1e-06,0.9803921568627451,1.0,0
2018-02-27,0.29598420007204324,4.0,0.2469135802469136,0.0,0.0,0,0.0,0.7862550960986313,0.0,1e-06,0.8890224929410271,Utsuroi,1e-06,0.9803921568627451,1.0,0
2018-02-28,0.28029637328276635,4.0,0.2469135802469136,0.0,0.0,0,0.0,0.7862550960986313,0.0,1e-06,1.0,Utsuroi,1e-06,0.9803921568627451,1.0,0
2018-03-01,0.2510155255832117,3.0,0.3278688524590164,0.0,0.0,0,0.0,0.5921180353341292,0.0,1e-06,0.9673373529881764,Utsuroi,1e-06,0.9803921568627451,1.0,0
2018-03-02,0.22667401383528774,3.0,0.3278688524590164,0.0,0.0,0,0.0,0.5921180353341292,0.0,1e-06,1.0,Utsuroi,1e-06,0.9803921568627451,1.0,0
2018-03-05,0.2229080419108552,3.0,0.3278688524590164,0.0,0.0,0,0.0,0.5921180353341292,0.0,1e-06,1.0,Utsuroi,1e-06,0.9803921568627451,1.0,0
2018-03-06,0.2315605616427611,4.0,0.2469135802469136,0.0,0.0,0,0.0,0.7862550960986313,0.0,1e-06,0.696361660023664,Utsuroi,1e-06,0.9803921568627451,1.0,0
2018-03-07,0.19181269876746976,4.0,0.2469135802469136,0.0,0.0,0,0.0,0.7862550960986313,0.0,1e-06,1.0,Utsuroi,1e-06,0.9803921568627451,1.0,0
2018-03-08,0.2264410753791942,3.0,0.3278688524590164,0.0,0.0,0,0.0,0.5921180353341292,0.0,1e-06,0.9673373529881764,Utsuroi,1e-06,0.9803921568627451,1.0,0
2018-03-09,0.23632078173942786,3.0,0.3278688524590164,0.0,0.0,0,0.0,0.5921180353341292,0.0,1e-06,1.0,Utsuroi,1e-06,0.9803921568627451,1.0,0
2018-03-12,0.20821101768159458,3.0,0.3278688524590164,0.0,0.0,0,0.0,0.5921180353341292,0.0,1e-06,1.0,Utsuroi,1e-06,0.9803921568627451,1.0,0
2018-03-13,0.18225968245613228,3.0,0.3278688524590164,0.0,0.0,0,0.0,0.5921180353341292,0.0,1e-06,1.0,Utsuroi,1e-06,0.9803921568627451,1.0,0
2018-03-14,0.18568943223318288,3.0,0.3278688524590164,0.0,0.0,0,0.0,0.5921180353341292,0.0,1e-06,1.0,Utsuroi,1e-06,0.9803921568627451,1.0,0
2018-03-15,0.18939202179989073,3.5,0.28169014084507044,0.0,0.0,0,0.0,0.6891865657164289,0.0,1e-06,0.8819683943346246,Utsuroi,1e-06,0.9803921568627451,1.0,0
2018-03-16,0.19140228106482213,3.5,0.28169014084507044,0.0,0.0,0,0.0,0.6891865657164289,0.0,1e-06,1.0,Utsuroi,1e-06,0.9803921568627451,1.0,0
2018-03-19,0.2243216978636296,4.0,0.2469135802469136,0.0,0.0,0,0.0,0.7862550960986313,0.0,1e-06,0.6271991292754506,Utsuroi,1e-06,0.9803921568627451,1.0,0
2018-03-20,0.21037568751515837,4.0,0.2469135802469136,7.477918284305914e-11,0.9999999999242208,1,5.666703715489247e-21,0.7862550960986313,1.0,1e-06,0.5758418739262368,Utsuroi,1e-06,0.9803921568627451,1.0,0
2018-03-21,0.2123747728581541,4.0,0.2469135802469136,0.0,0.0,0,0.0,0.7862550960986313,0.0,1e-06,1.0,Utsuroi,1e-06,0.9803921568627451,1.0,0
2018-03-22,0.16730337508467488,4.0,0.2469135802469136,0.0,0.0,0,0.0,0.7862550960986313,0.0,1e-06,1.0,Utsuroi,1e-06,0.9803921568627451,1.0,0
2018-03-23,0.15375870009401266,3.0,0.3278688524590164,7.298162074641998e-12,0.9999999999917019,1,6.056117029473361e-23,0.5921180353341292,1.0,1e-06,0.6335831450889235,Utsuroi,1e-06,0.9803921568627451,1.0,0
2018-03-26,0.15542014606255022,3.0,0.3278688524590164,1.3926970687694444e-11,0.999999999985073,1,2.0788717513659162e-22,0.5921180353341292,1.0,1e-06,1.0,Utsuroi,1e-06,0.9803921568627451,1.0,0
2018-03-27,0.09540568623769007,3.5,0.28169014084507044,1.3277934307508055e-11,0.9999999999857221,1,1.895811800526077e-22,0.6891865657164289,1.0,1e-06,0.893931483888526,Utsuroi,1e-06,0.9803921568627451,1.0,0
2018-03-28,0.07318373512755526,3.5,0.28169014084507044,6.030620447437173e-12,0.9999999999929694,1,4.239887002093284e-23,0.6891865657164289,1.0,1e-06,1.0,Utsuroi,1e-06,0.9803921568627451,1.0,0
2018-03-29,0.07203368171225527,3.5,0.28169014084507044,7.0560224329732325e-12,0.999999999991944,1,5.684331891646674e-23,0.6891865657164289,1.0,1e-06,1.0,Utsuroi,1e-06,0.9803921568627451,1.0,0
2018-04-02,0.07603949119138298,3.5,0.28169014084507044,3.897215883330195e-12,0.9999999999951028,1,1.9085421311537112e-23,0.6891865657164289,1.0,1e-06,1.0,Utsuroi,1e-06,0.9803921568627451,1.0,0
2018-04-03,0.07611856528821684,3.0,0.3278688524590164,4.848565993126381e-12,0.9999999999941515,1,2.83570509242886e-23,0.5921180353341292,1.0,1e-06,0.970583524089704,Utsuroi,1e-06,0.9803921568627451,1.0,0
2018-04-04,0.07954779732235386,4.0,0.2469135802469136,6.506795102695442e-12,0.9999999999924932,1,4.8845033669836755e-23,0.7862550960986313,1.0,1e-06,0.7250287196673351,Utsuroi,1e-06,0.9803921568627451,1.0,0
2018-04-05,0.08069599003158101,4.0,0.2469135802469136,8.007039475859028e-12,0.999999999990993,1,7.211954351465835e-23,0.7862550960986313,1.0,1e-06,1.0,Utsuroi,1e-06,0.9803921568627451,1.0,0
2018-04-06,0.07089821782849093,4.0,0.2469135802469136,6.603650959166772e-11,0.9999999999329635,1,4.426855647949255e-21,0.7862550960986313,1.0,1e-06,1.0,Utsuroi,1e-06,0.9803921568627451,1.0,0
2018-04-09,0.07039023778154213,4.0,0.2469135802469136,1.5208501124999313e-11,0.9999999999837915,1,2.4650667115788947e-22,0.7862550960986313,1.0,1e-06,1.0,Utsuroi,1e-06,0.9803921568627451,1.0,0
2018-04-10,0.062141288663027816,4.0,0.2469135802469136,8.84059492273974e-12,0.9999999999901594,1,8.699651794196847e-23,0.7862550960986313,1.0,1e-06,1.0,Utsuroi,1e-06,0.9803921568627451,1.0,0
2018-04-11,0.06575847506942026,3.0,0.3278688524590164,1.1007084132969604e-11,0.9999999999879929,1,1.3216274174839424e-22,0.5921180353341292,1.0,1e-06,0.9706846300420542,Utsuroi,1e-06,0.9803921568627451,1.0,0
2018-04-12,0.052120588450421286,5.0,0.19801980198019803,0.0,0.0,0,0.0,0.9803921568627451,0.0,1e-06,0.5915970152661794,Katashi,1e-06,0.9803921568627451,1.0,0
2018-04-13,0.050380937212126296,5.0,0.19801980198019803,0.0,0.0,0,0.0,0.9803921568627451,0.0,1e-06,1.0,Katashi,1e-06,0.9803921568627451,1.0,0
2018-04-16,0.05489876294440788,5.0,0.19801980198019803,0.0,0.0,0,0.0,0.9803921568627451,0.0,1e-06,1.0,Katashi,1e-06,0.9803921568627451,1.0,0
2018-04-17,0.05560498679177019,5.0,0.19801980198019803,0.0,0.0,0,0.0,0.9803921568627451,0.0,1e-06,1.0,Katashi,1e-06,0.9803921568627451,1.0,0
2018-04-18,0.0931433904212349,5.0,0.19801980198019803,0.0,0.0,0,0.0,0.9803921568627451,0.0,1e-06,1.0,Katashi,1e-06,0.9803921568627451,1.0,0
2018-04-19,0.07392703701031839,5.0,0.19801980198019803,0.0,0.0,0,0.0,0.9803921568627451,0.0,1e-06,1.0,Katashi,1e-06,0.9803921568627451,1.0,0
2018-04-20,0.09758149139504406,5.0,0.19801980198019803,0.0,0.0,0,0.0,0.9803921568627451,0.0,1e-06,1.0,Katashi,1e-06,0.9803921568627451,1.0,0
2018-04-23,0.10396850449486195,5.0,0.19801980198019803,0.0,0.0,0,0.0,0.9803921568627451,0.0,1e-06,1.0,Katashi,1e-06,0.9803921568627451,1.0,0
2018-04-24,0.11762917460049314,5.0,0.19801980198019803,0.0,0.0,0,0.0,0.9803921568627451,0.0,1e-06,1.0,Katashi,1e-06,0.9803921568627451,1.0,0
2018-04-25,0.14145167492089902,5.0,0.19801980198019803,0.0,0.0,0,0.0,0.9803921568627451,0.0,1e-06,1.0,Katashi,1e-06,0.9803921568627451,1.0,0
2018-04-26,0.13984567791054955,5.0,0.19801980198019803,0.0,0.0,0,0.0,0.9803921568627451,0.0,1e-06,1.0,Katashi,1e-06,0.9803921568627451,1.0,0
2018-04-27,0.16515025114651236,5.0,0.19801980198019803,0.0,0.0,0,0.0,0.9803921568627451,0.0,1e-06,1.0,Katashi,1e-06,0.9803921568627451,1.0,0
2018-04-30,0.1725928710457377,5.0,0.19801980198019803,0.0,0.0,0,0.0,0.9803921568627451,0.0,1e-06,1.0,Katashi,1e-06,0.9803921568627451,1.0,0
2018-05-01,0.1331861225923066,5.0,0.19801980198019803,0.0,0.0,0,0.0,0.9803921568627451,0.0,1e-06,1.0,Katashi,1e-06,0.9803921568627451,1.0,0
2018-05-02,0.14663282429753732,5.0,0.19801980198019803,0.0,0.0,0,0.0,0.9803921568627451,0.0,1e-06,1.0,Katashi,1e-06,0.9803921568627451,1.0,0
2018-05-03,0.1494367358880891,5.0,0.19801980198019803,0.0,0.0,0,0.0,0.9803921568627451,0.0,1e-06,1.0,Katashi,1e-06,0.9803921568627451,1.0,0
2018-05-04,0.15673525815189776,5.0,0.19801980198019803,0.0,0.0,0,0.0,0.9803921568627451,0.0,1e-06,1.0,Katashi,1e-06,0.9803921568627451,1.0,0
2018-05-07,0.16436277491472887,5.0,0.19801980198019803,0.0,0.0,0,0.0,0.9803921568627451,0.0,1e-06,1.0,Katashi,1e-06,0.9803921568627451,1.0,0
2018-05-08,0.19279086449309285,5.0,0.19801980198019803,0.0,0.0,0,0.0,0.9803921568627451,0.0,1e-06,1.0,Katashi,1e-06,0.9803921568627451,1.0,0
2018-05-09,0.1705098710162151,5.0,0.19801980198019803,0.0,0.0,0,0.0,0.9803921568627451,0.0,1e-06,1.0,Katashi,1e-06,0.9803921568627451,1.0,0
2018-05-10,0.21823364385959237,5.0,0.19801980198019803,0.0,0.0,0,0.0,0.9803921568627451,0.0,1e-06,1.0,Katashi,1e-06,0.9803921568627451,1.0,0
2018-05-11,0.23681288262048433,4.0,0.2469135802469136,0.0,0.0,0,0.0,0.7862550960986313,0.0,1e-06,0.48789131095633376,Utsuroi,1e-06,0.9803921568627451,1.0,0
2018-05-14,0.265297553904888,4.0,0.2469135802469136,0.0,0.0,0,0.0,0.7862550960986313,0.0,1e-06,1.0,Utsuroi,1e-06,0.9803921568627451,1.0,0
2018-05-15,0.33600553811907796,4.0,0.2469135802469136,0.0,0.0,0,0.0,0.7862550960986313,0.0,1e-06,1.0,Utsuroi,1e-06,0.9803921568627451,1.0,0
2018-05-16,0.31995089698446216,4.0,0.2469135802469136,0.0,0.0,0,0.0,0.7862550960986313,0.0,1e-06,1.0,Utsuroi,1e-06,0.9803921568627451,1.0,0
2018-05-17,0.29524607498748523,3.0,0.3278688524590164,0.0,0.0,0,0.0,0.5921180353341292,0.0,1e-06,0.9673373529881764,Utsuroi,1e-06,0.9803921568627451,1.0,0
2018-05-18,0.2393722355153891,4.0,0.2469135802469136,0.0,0.0,0,0.0,0.7862550960986313,0.0,1e-06,0.696361660023664,Utsuroi,1e-06,0.9803921568627451,1.0,0
2018-05-21,0.2837491528351238,4.0,0.2469135802469136,0.0,0.0,0,0.0,0.7862550960986313,0.0,1e-06,1.0,Utsuroi,1e-06,0.9803921568627451,1.0,0
2018-05-22,0.2509408078626382,5.0,0.19801980198019803,0.0,0.0,0,0.0,0.9803921568627451,0.0,1e-06,0.34421469826039475,Katashi,1e-06,0.9803921568627451,1.0,0
2018-05-23,0.233951805596615,4.0,0.2469135802469136,0.0,0.0,0,0.0,0.7862550960986313,0.0,1e-06,0.48789131095633376,Utsuroi,1e-06,0.9803921568627451,1.0,0
2018-05-24,0.21605772588794803,5.0,0.19801980198019803,0.0,0.0,0,0.0,0.9803921568627451,0.0,1e-06,0.34421469826039475,Katashi,1e-06,0.9803921568627451,1.0,0
2018-05-25,0.18219467238290601,5.0,0.19801980198019803,0.0,0.0,0,0.0,0.9803921568627451,0.0,1e-06,1.0,Katashi,1e-06,0.9803921568627451,1.0,0
2018-05-29,0.14974749828776876,5.0,0.19801980198019803,0.0,0.0,0,0.0,0.9803921568627451,0.0,1e-06,1.0,Katashi,1e-06,0.9803921568627451,1.0,0
2018-05-30,0.13326107914254393,5.0,0.19801980198019803,0.0,0.0,0,0.0,0.9803921568627451,0.0,1e-06,1.0,Katashi,1e-06,0.9803921568627451,1.0,0
2018-05-31,0.15142002579302363,5.0,0.19801980198019803,0.0,0.0,0,0.0,0.9803921568627451,0.0,1e-06,1.0,Katashi,1e-06,0.9803921568627451,1.0,0
2018-06-01,0.1266231737729224,5.0,0.19801980198019803,0.0,0.0,0,0.0,0.9803921568627451,0.0,1e-06,1.0,Katashi,1e-06,0.9803921568627451,1.0,0
2018-06-04,0.12438010735461143,5.0,0.19801980198019803,0.0,0.0,0,0.0,0.9803921568627451,0.0,1e-06,1.0,Katashi,1e-06,0.9803921568627451,1.0,0
2018-06-05,0.12710540341843873,5.0,0.19801980198019803,0.0,0.0,0,0.0,0.9803921568627451,0.0,1e-06,1.0,Katashi,1e-06,0.9803921568627451,1.0,0
2018-06-06,0.10750944545485015,5.0,0.19801980198019803,0.0,0.0,0,0.0,0.9803921568627451,0.0,1e-06,1.0,Katashi,1e-06,0.9803921568627451,1.0,0
2018-06-07,0.11342874232490442,5.0,0.19801980198019803,0.0,0.0,0,0.0,0.9803921568627451,0.0,1e-06,1.0,Katashi,1e-06,0.9803921568627451,1.0,0
2018-06-08,0.11584288999865598,5.0,0.19801980198019803,0.0,0.0,0,0.0,0.9803921568627451,0.0,1e-06,1.0,Katashi,1e-06,0.9803921568627451,1.0,0
2018-06-11,0.11835303524494649,5.0,0.19801980198019803,0.0,0.0,0,0.0,0.9803921568627451,0.0,1e-06,1.0,Katashi,1e-06,0.9803921568627451,1.0,0
2018-06-12,0.0801941810897807,5.0,0.19801980198019803,0.0,0.0,0,0.0,0.9803921568627451,0.0,1e-06,1.0,Katashi,1e-06,0.9803921568627451,1.0,0
2018-06-13,0.07659521057511043,5.0,0.19801980198019803,0.0,0.0,0,0.0,0.9803921568627451,0.0,1e-06,1.0,Katashi,1e-06,0.9803921568627451,1.0,0
2018-06-14,0.06153441117411305,5.0,0.19801980198019803,0.0,0.0,0,0.0,0.9803921568627451,0.0,1e-06,1.0,Katashi,1e-06,0.9803921568627451,1.0,0
2018-06-15,0.015152735159719691,5.0,0.19801980198019803,0.0,0.0,0,0.0,0.9803921568627451,0.0,1e-06,1.0,Katashi,1e-06,0.9803921568627451,1.0,0
2018-06-18,0.02002719891548391,4.0,0.2469135802469136,0.0,0.0,0,0.0,0.7862550960986313,0.0,1e-06,0.48789131095633376,Utsuroi,1e-06,0.9803921568627451,1.0,0
2018-06-19,0.02327005871730194,4.0,0.2469135802469136,0.0,0.0,0,0.0,0.7862550960986313,0.0,1e-06,1.0,Utsuroi,1e-06,0.9803921568627451,1.0,0
2018-06-20,0.03659785211166898,5.0,0.19801980198019803,0.0,0.0,0,0.0,0.9803921568627451,0.0,1e-06,0.34421469826039475,Katashi,1e-06,0.9803921568627451,1.0,0
2018-06-21,0.010954890520107896,5.0,0.19801980198019803,0.0,0.0,0,0.0,0.9803921568627451,0.0,1e-06,1.0,Katashi,1e-06,0.9803921568627451,1.0,0
2018-06-22,0.00802246063115628,5.0,0.19801980198019803,0.0,0.0,0,0.0,0.9803921568627451,0.0,1e-06,1.0,Katashi,1e-06,0.9803921568627451,1.0,0
2018-06-25,0.02874019700106657,4.0,0.2469135802469136,0.0,0.0,0,0.0,0.7862550960986313,0.0,1e-06,0.48789131095633376,Utsuroi,1e-06,0.9803921568627451,1.0,0
2018-06-26,0.025426312817617154,4.0,0.2469135802469136,0.0,0.0,0,0.0,0.7862550960986313,0.0,1e-06,1.0,Utsuroi,1e-06,0.9803921568627451,1.0,0
2018-06-27,0.02025283894849112,4.0,0.2469135802469136,0.0,0.0,0,0.0,0.7862550960986313,0.0,1e-06,1.0,Utsuroi,1e-06,0.9803921568627451,1.0,0
2018-06-28,0.027608818499097174,4.0,0.2469135802469136,0.0,0.0,0,0.0,0.7862550960986313,0.0,1e-06,1.0,Utsuroi,1e-06,0.9803921568627451,1.0,0
2018-06-29,0.03433459007537852,4.0,0.2469135802469136,0.0,0.0,0,0.0,0.7862550960986313,0.0,1e-06,1.0,Utsuroi,1e-06,0.9803921568627451,1.0,0
2018-07-02,0.012804364408018173,4.0,0.2469135802469136,0.0,0.0,0,0.0,0.7862550960986313,0.0,1e-06,1.0,Utsuroi,1e-06,0.9803921568627451,1.0,0
2018-07-03,0.017632909605047795,4.0,0.2469135802469136,1.0160361440554243e-10,0.9999999998973964,1,1.0424895827563735e-20,0.7862550960986313,1.0,1e-06,0.5758418739262368,Utsuroi,1e-06,0.9803921568627451,1.0,0
2018-07-05,0.05803133378364367,4.0,0.2469135802469136,0.0,0.0,0,0.0,0.7862550960986313,0.0,1e-06,1.0,Utsuroi,1e-06,0.9803921568627451,1.0,0
2018-07-06,0.0893940728288529,3.0,0.3278688524590164,0.0,0.0,0,0.0,0.5921180353341292,0.0,1e-06,0.9673373529881764,Utsuroi,1e-06,0.9803921568627451,1.0,0
2018-07-09,0.09760529771485123,2.5,0.3921568627450981,0.0,0.0,0,0.0,0.49504950495173267,0.0,1e-06,0.6408436054844941,Utsuroi,1e-06,0.9803921568627451,1.0,0
2018-07-10,0.06937494601355226,3.0,0.3278688524590164,0.0,0.0,0,0.0,0.5921180353341292,0.0,1e-06,0.8050027351579285,Utsuroi,1e-06,0.9803921568627451,1.0,0
2018-07-11,0.06062417992598311,4.0,0.2469135802469136,0.0,0.0,0,0.0,0.7862550960986313,0.0,1e-06,0.696361660023664,Utsuroi,1e-06,0.9803921568627451,1.0,0
2018-07-12,0.07882541252561075,4.0,0.2469135802469136,0.0,0.0,0,0.0,0.7862550960986313,0.0,1e-06,1.0,Utsuroi,1e-06,0.9803921568627451,1.0,0
2018-07-13,0.06815524913902664,4.0,0.2469135802469136,0.0,0.0,0,0.0,0.7862550960986313,0.0,1e-06,1.0,Utsuroi,1e-06,0.9803921568627451,1.0,0
2018-07-16,0.05153760100002759,3.0,0.3278688524590164,0.0,0.0,0,0.0,0.5921180353341292,0.0,1e-06,0.9673373529881764,Utsuroi,1e-06,0.9803921568627451,1.0,0
2018-07-17,0.05418280889563814,4.0,0.2469135802469136,0.0,0.0,0,0.0,0.7862550960986313,0.0,1e-06,0.696361660023664,Utsuroi,1e-06,0.9803921568627451,1.0,0
2018-07-18,0.05281785223689534,4.0,0.2469135802469136,0.0,0.0,0,0.0,0.7862550960986313,0.0,1e-06,1.0,Utsuroi,1e-06,0.9803921568627451,1.0,0
2018-07-19,0.044699185954715975,4.0,0.2469135802469136,0.0,0.0,0,0.0,0.7862550960986313,0.0,1e-06,1.0,Utsuroi,1e-06,0.9803921568627451,1.0,0
2018-07-20,0.03915977523143502,3.5,0.28169014084507044,0.0,0.0,0,0.0,0.6891865657164289,0.0,1e-06,0.7455550520526575,Utsuroi,1e-06,0.9803921568627451,1.0,0
2018-07-23,0.019025771120158186,2.0,0.48780487804878053,0.0,0.0,0,0.0,0.397980974569239,0.0,1e-06,0.4570310861007414,Utsuroi,1e-06,0.9803921568627451,1.0,0
2018-07-24,0.039479610741881895,3.0,0.3278688524590164,0.0,0.0,0,0.0,0.5921180353341292,0.0,1e-06,0.7071838597134619,Utsuroi,1e-06,0.9803921568627451,1.0,0
2018-07-25,0.03927115088049472,3.0,0.3278688524590164,0.0,0.0,0,0.0,0.5921180353341292,0.0,1e-06,1.0,Utsuroi,1e-06,0.9803921568627451,1.0,0
2018-07-26,0.05069438162597982,4.0,0.2469135802469136,0.0,0.0,0,0.0,0.7862550960986313,0.0,1e-06,0.696361660023664,Utsuroi,1e-06,0.9803921568627451,1.0,0
2018-07-27,0.04698111721000535,2.0,0.48780487804878053,0.0,0.0,0,0.0,0.397980974569239,0.0,1e-06,0.5111504856489473,Utsuroi,1e-06,0.9803921568627451,1.0,0
2018-07-30,0.06400079170676463,2.0,0.48780487804878053,0.0,0.0,0,0.0,0.397980974569239,0.0,1e-06,1.0,Utsuroi,1e-06,0.9803921568627451,1.0,0
2018-07-31,0.06718990163517967,3.0,0.3278688524590164,0.0,0.0,0,0.0,0.5921180353341292,0.0,1e-06,0.7071838597134619,Utsuroi,1e-06,0.9803921568627451,1.0,0
2018-08-01,0.05549795838044069,2.5,0.3921568627450981,4.039513168322266e-11,0.9999999999586049,1,1.6721609018129137e-21,0.49504950495173267,1.0,1e-06,0.4897111437748236,Utsuroi,1e-06,0.9803921568627451,1.0,0
2018-08-02,0.061977370817630044,2.0,0.48780487804878053,6.686917686008042e-11,0.9999999999321308,1,4.538354511697553e-21,0.397980974569239,1.0,1e-06,0.3908707511449969,Utsuroi,1e-06,0.9803921568627451,1.0,0
2018-08-03,0.1073951748114599,4.0,0.2469135802469136,1.2667211723178473e-10,0.9999999998723279,1,1.6172494600042e-20,0.7862550960986313,1.0,1e-06,0.8995000855079389,Utsuroi,1e-06,0.9803921568627451,1.0,0
2018-08-06,0.09800092975330005,4.0,0.2469135802469136,4.6974757416067176e-11,0.9999999999520253,1,2.2536015526060233e-21,0.7862550960986313,1.0,1e-06,1.0,Utsuroi,1e-06,0.9803921568627451,1.0,0
2018-08-07,0.09383643527999354,2.5,0.3921568627450981,0.0,0.0,0,0.0,0.49504950495173267,0.0,1e-06,0.8448828331948272,Utsuroi,1e-06,0.9803921568627451,1.0,0
2018-08-08,0.09198866602638868,3.0,0.3278688524590164,0.0,0.0,0,0.0,0.5921180353341292,0.0,1e-06,0.8050027351579285,Utsuroi,1e-06,0.9803921568627451,1.0,0
2018-08-09,0.06641168554545361,2.0,0.48780487804878053,5.121902901669406e-11,0.999999999947781,1,2.6746068294464244e-21,0.397980974569239,1.0,1e-06,0.3496569059366137,Utsuroi,1e-06,0.9803921568627451,1.0,0
2018-08-10,0.06060937637498461,2.0,0.48780487804878053,3.361666500663139e-11,0.9999999999653834,1,1.1636960875363767e-21,0.397980974569239,1.0,1e-06,1.0,Utsuroi,1e-06,0.9803921568627451,1.0,0
2018-08-13,0.10420523167149717,2.0,0.48780487804878053,2.5364910169000813e-10,0.9999999997453509,1,6.459151028690762e-20,0.397980974569239,1.0,1e-06,1.0,Utsuroi,1e-06,0.9803921568627451,1.0,0
2018-08-14,0.11557390202682043,2.0,0.48780487804878053,0.0,0.0,0,0.0,0.397980974569239,0.0,1e-06,1.0,Utsuroi,1e-06,0.9803921568627451,1.0,0
2018-08-15,0.11672599759778587,3.0,0.3278688524590164,1.1797252063419732e-10,0.9999999998810275,1,1.4035485536500086e-20,0.5921180353341292,1.0,1e-06,0.8378635663892274,Utsuroi,1e-06,0.9803921568627451,1.0,0
2018-08-16,0.116322556594522,2.0,0.48780487804878053,4.199640635157195e-11,0.9999999999570036,1,1.8056936238039757e-21,0.397980974569239,1.0,1e-06,0.4452142516804555,Utsuroi,1e-06,0.9803921568627451,1.0,0
2018-08-17,0.12326085353888462,3.5,0.28169014084507044,0.0,0.0,0,0.0,0.6891865657164289,0.0,1e-06,0.9418543533804906,Utsuroi,1e-06,0.9803921568627451,1.0,0
2018-08-20,0.14939170916671715,2.0,0.48780487804878053,0.0,0.0,0,0.0,0.397980974569239,0.0,1e-06,0.4570310861007414,Utsuroi,1e-06,0.9803921568627451,1.0,0
2018-08-21,0.15671446791256421,4.0,0.2469135802469136,0.0,0.0,0,0.0,0.7862550960986313,0.0,1e-06,0.8890224929410271,Utsuroi,1e-06,0.9803921568627451,1.0,0
2018-08-22,0.16777550802619215,3.5,0.28169014084507044,0.0,0.0,0,0.0,0.6891865657164289,0.0,1e-06,0.7455550520526575,Utsuroi,1e-06,0.9803921568627451,1.0,0
2018-08-23,0.1700395188845016,4.5,0.21978021978021978,0.0,0.0,0,0.0,0.8833236264807367,0.0,1e-06,0.4896766985026282,Utsuroi,1e-06,0.9803921568627451,1.0,0
2018-08-24,0.18573127144055626,4.5,0.21978021978021978,0.0,0.0,0,0.0,0.8833236264807367,0.0,1e-06,1.0,Utsuroi,1e-06,0.9803921568627451,1.0,0
2018-08-27,0.138323280112785,4.5,0.21978021978021978,0.0,0.0,0,0.0,0.8833236264807367,0.0,1e-06,1.0,Utsuroi,1e-06,0.9803921568627451,1.0,0
2018-08-28,0.19582286420563821,4.5,0.21978021978021978,0.0,0.0,0,0.0,0.8833236264807367,0.0,1e-06,1.0,Utsuroi,1e-06,0.9803921568627451,1.0,0
2018-08-29,0.1950908761888643,3.5,0.28169014084507044,0.0,0.0,0,0.0,0.6891865657164289,0.0,1e-06,0.6936102698409825,Utsuroi,1e-06,0.9803921568627451,1.0,0
2018-08-30,0.2007678467421439,4.5,0.21978021978021978,0.0,0.0,0,0.0,0.8833236264807367,0.0,1e-06,0.4896766985026282,Utsuroi,1e-06,0.9803921568627451,1.0,0
2018-08-31,0.20499848414990782,3.0,0.3278688524590164,0.0,0.0,0,0.0,0.5921180353341292,0.0,1e-06,0.9108185590533341,Utsuroi,1e-06,0.9803921568627451,1.0,0
2018-09-04,0.20391392214598814,3.0,0.3278688524590164,0.0,0.0,0,0.0,0.5921180353341292,0.0,1e-06,1.0,Utsuroi,1e-06,0.9803921568627451,1.0,0
2018-09-05,0.17265916406575177,3.0,0.3278688524590164,5.913758371708567e-11,0.9999999999398624,1,3.556390083494234e-21,0.5921180353341292,1.0,1e-06,0.559025688323268,Utsuroi,1e-06,0.9803921568627451,1.0,0
2018-09-06,0.16098816798716858,3.0,0.3278688524590164,0.0,0.0,0,0.0,0.5921180353341292,0.0,1e-06,1.0,Utsuroi,1e-06,0.9803921568627451,1.0,0
2018-09-07,0.19329572079275154,2.0,0.48780487804878053,0.0,0.0,0,0.0,0.397980974569239,0.0,1e-06,0.4001550805765818,Utsuroi,1e-06,0.9803921568627451,1.0,0
2018-09-10,0.18901473162338855,3.0,0.3278688524590164,0.0,0.0,0,0.0,0.5921180353341292,0.0,1e-06,0.7071838597134619,Utsuroi,1e-06,0.9803921568627451,1.0,0
2018-09-11,0.198708812391336,3.0,0.3278688524590164,3.070221854478453e-11,0.9999999999682978,1,9.733277629460227e-22,0.5921180353341292,1.0,1e-06,0.559025688323268,Utsuroi,1e-06,0.9803921568627451,1.0,0
2018-09-12,0.20632100441055748,3.0,0.3278688524590164,9.511957887546838e-11,0.9999999999038804,1,9.142851760552574e-21,0.5921180353341292,1.0,1e-06,1.0,Utsuroi,1e-06,0.9803921568627451,1.0,0
2018-09-13,0.1505276179052428,3.0,0.3278688524590164,0.0,0.0,0,0.0,0.5921180353341292,0.0,1e-06,1.0,Utsuroi,1e-06,0.9803921568627451,1.0,0
2018-09-14,0.13497350516996298,3.0,0.3278688524590164,0.0,0.0,0,0.0,0.5921180353341292,0.0,1e-06,1.0,Utsuroi,1e-06,0.9803921568627451,1.0,0
2018-09-17,0.14791005187060094,2.0,0.48780487804878053,1.8728496529622456e-10,0.9999999998117151,1,3.5262939051558323e-20,0.397980974569239,1.0,1e-06,0.3496569059366137,Utsuroi,1e-06,0.9803921568627451,1.0,0
2018-09-18,0.13027796380957019,4.0,0.2469135802469136,0.0,0.0,0,0.0,0.7862550960986313,0.0,1e-06,0.9091385493741805,Utsuroi,1e-06,0.9803921568627451,1.0,0
2018-09-19,0.10457343692376665,4.0,0.2469135802469136,2.6202706670716213e-11,0.9999999999727973,1,7.127839639030505e-22,0.7862550960986313,1.0,1e-06,0.5758418739262368,Utsuroi,1e-06,0.9803921568627451,1.0,0
2018-09-20,0.12678459948919543,4.0,0.2469135802469136,1.9200085965361473e-11,0.9999999999797999,1,3.8784296230761166e-22,0.7862550960986313,1.0,1e-06,1.0,Utsuroi,1e-06,0.9803921568627451,1.0,0
2018-09-21,0.13102971624556645,4.0,0.2469135802469136,1.6491474852234524e-11,0.9999999999825085,1,2.8845985283684175e-22,0.7862550960986313,1.0,1e-06,1.0,Utsuroi,1e-06,0.9803921568627451,1.0,0
2018-09-24,0.15144634515375832,4.0,0.2469135802469136,1.5794365815084337e-11,0.9999999999832057,1,2.6525600791946854e-22,0.7862550960986313,1.0,1e-06,1.0,Utsuroi,1e-06,0.9803921568627451,1.0,0
2018-09-25,0.14771036798262419,4.0,0.2469135802469136,1.8284707081576103e-11,0.9999999999807153,1,3.5261481565483375e-22,0.7862550960986313,1.0,1e-06,1.0,Utsuroi,1e-06,0.9803921568627451,1.0,0
2018-09-26,0.09260168702427857,4.0,0.2469135802469136,6.805001007107475e-12,0.999999999992195,1,5.31128891757174e-23,0.7862550960986313,1.0,1e-06,1.0,Utsuroi,1e-06,0.9803921568627451,1.0,0
2018-09-27,0.08600272845952438,3.0,0.3278688524590164,7.35889127408849e-12,0.9999999999916411,1,6.151200926686445e-23,0.5921180353341292,1.0,1e-06,0.9706846300420542,Utsuroi,1e-06,0.9803921568627451,1.0,0
2018-09-28,0.07158120815596672,4.0,0.2469135802469136,2.5311974738083286e-11,0.999999999973688,1,6.660074799437781e-22,0.7862550960986313,1.0,1e-06,0.7250287196673351,Utsuroi,1e-06,0.9803921568627451,1.0,0
2018-10-01,0.06712644738723964,3.0,0.3278688524590164,3.144107196764888e-11,0.999999999967559,1,1.0199813829284593e-21,0.5921180353341292,1.0,1e-06,0.9706846300420542,Utsuroi,1e-06,0.9803921568627451,1.0,0
2018-10-02,0.08901920634866572,2.0,0.48780487804878053,8.168687948242982e-12,0.9999999999908313,1,7.489597003892384e-23,0.397980974569239,1.0,1e-06,0.4452142516804555,Utsuroi,1e-06,0.9803921568627451,1.0,0
2018-10-03,0.08060626693986639,2.0,0.48780487804878053,1.1311729330923043e-11,0.9999999999876883,1,1.3926669955292902e-22,0.397980974569239,1.0,1e-06,1.0,Utsuroi,1e-06,0.9803921568627451,1.0,0
2018-10-04,0.07748439421861841,2.0,0.48780487804878053,6.312839140294864e-12,0.9999999999926872,1,4.6164637500838664e-23,0.397980974569239,1.0,1e-06,1.0,Utsuroi,1e-06,0.9803921568627451,1.0,0
2018-10-05,0.10856869119433957,2.0,0.48780487804878053,6.108447081462847e-12,0.9999999999928916,1,4.342143769928938e-23,0.397980974569239,1.0,1e-06,1.0,Utsuroi,1e-06,0.9803921568627451,1.0,0
2018-10-08,0.10365530960507638,1.0,0.9523809523809523,1.4072520926220618e-11,0.9999999999849275,1,2.1210805483835997e-22,0.2038439138039604,1.0,1e-06,0.07124121775438597,Utsuroi,1e-06,0.9803921568627451,1.0,0
2018-10-09,0.07684989279702087,2.0,0.48780487804878053,1.502764579429079e-11,0.9999999999839724,1,2.408574514775048e-22,0.397980974569239,1.0,1e-06,0.23127732015998104,Utsuroi,1e-06,0.9803921568627451,1.0,0
2018-10-10,0.08108424042991953,2.0,0.48780487804878053,2.680045074715796e-11,0.9999999999721996,1,7.450640181362702e-22,0.397980974569239,1.0,1e-06,1.0,Utsuroi,1e-06,0.9803921568627451,1.0,0
2018-10-11,0.07214552356333126,4.0,0.2469135802469136,0.0,0.0,0,0.0,0.7862550960986313,0.0,1e-06,0.9091385493741805,Utsuroi,1e-06,0.9803921568627451,1.0,0
2018-10-12,0.0653994137484437,3.0,0.3278688524590164,7.696288051269198e-12,0.9999999999913037,1,6.692896756453515e-23,0.5921180353341292,1.0,1e-06,0.6335831450889235,Utsuroi,1e-06,0.9803921568627451,1.0,0
2018-10-15,0.061342038896815804,3.0,0.3278688524590164,9.174438986241184e-12,0.9999999999898256,1,9.33445667446021e-23,0.5921180353341292,1.0,1e-06,1.0,Utsuroi,1e-06,0.9803921568627451,1.0,0
2018-10-16,0.08166715566337539,3.0,0.3278688524590164,1.411892824864925e-11,0.9999999999848811,1,2.134627508057825e-22,0.5921180353341292,1.0,1e-06,1.0,Utsuroi,1e-06,0.9803921568627451,1.0,0
2018-10-17,0.07570200168992669,3.0,0.3278688524590164,1.604150146036172e-11,0.9999999999829585,1,2.7337091569986453e-22,0.5921180353341292,1.0,1e-06,1.0,Utsuroi,1e-06,0.9803921568627451,1.0,0
2018-10-18,0.07933078724636591,4.0,0.2469135802469136,2.4692359268056093e-11,0.9999999999743077,1,6.344044192614882e-22,0.7862550960986313,1.0,1e-06,0.7250287196673351,Utsuroi,1e-06,0.9803921568627451,1.0,0
2018-10-19,0.08038366273972986,4.0,0.2469135802469136,0.0,0.0,0,0.0,0.7862550960986313,0.0,1e-06,1.0,Utsuroi,1e-06,0.9803921568627451,1.0,0
2018-10-22,0.05874950919795008,4.0,0.2469135802469136,1.2320278130257051e-10,0.9999999998757972,1,1.5302125377484364e-20,0.7862550960986313,1.0,1e-06,0.5758418739262368,Utsuroi,1e-06,0.9803921568627451,1.0,0
2018-10-23,0.061418097206640584,4.0,0.2469135802469136,0.0,0.0,0,0.0,0.7862550960986313,0.0,1e-06,1.0,Utsuroi,1e-06,0.9803921568627451,1.0,0
2018-10-24,0.043952582839923475,4.0,0.2469135802469136,0.0,0.0,0,0.0,0.7862550960986313,0.0,1e-06,1.0,Utsuroi,1e-06,0.9803921568627451,1.0,0
2018-10-25,0.044701068322382624,5.0,0.19801980198019803,0.0,0.0,0,0.0,0.9803921568627451,0.0,1e-06,0.34421469826039475,Katashi,1e-06,0.9803921568627451,1.0,0
2018-10-26,0.04355689422430471,5.0,0.19801980198019803,0.0,0.0,0,0.0,0.9803921568627451,0.0,1e-06,1.0,Katashi,1e-06,0.9803921568627451,1.0,0
2018-10-29,0.045391121721004506,5.0,0.19801980198019803,0.0,0.0,0,0.0,0.9803921568627451,0.0,1e-06,1.0,Katashi,1e-06,0.9803921568627451,1.0,0
2018-10-30,0.039382253654314074,5.0,0.19801980198019803,0.0,0.0,0,0.0,0.9803921568627451,0.0,1e-06,1.0,Katashi,1e-06,0.9803921568627451,1.0,0
2018-10-31,0.043066180084792204,5.0,0.19801980198019803,0.0,0.0,0,0.0,0.9803921568627451,0.0,1e-06,1.0,Katashi,1e-06,0.9803921568627451,1.0,0
2018-11-01,0.06513253966879075,5.0,0.19801980198019803,0.0,0.0,0,0.0,0.9803921568627451,0.0,1e-06,1.0,Katashi,1e-06,0.9803921568627451,1.0,0
2018-11-02,0.07840094294323022,5.0,0.19801980198019803,0.0,0.0,0,0.0,0.9803921568627451,0.0,1e-06,1.0,Katashi,1e-06,0.9803921568627451,1.0,0
2018-11-05,0.1037575680315068,5.0,0.19801980198019803,0.0,0.0,0,0.0,0.9803921568627451,0.0,1e-06,1.0,Katashi,1e-06,0.9803921568627451,1.0,0
2018-11-06,0.09428069506169576,5.0,0.19801980198019803,0.0,0.0,0,0.0,0.9803921568627451,0.0,1e-06,1.0,Katashi,1e-06,0.9803921568627451,1.0,0
2018-11-07,0.10724831622438928,5.0,0.19801980198019803,0.0,0.0,0,0.0,0.9803921568627451,0.0,1e-06,1.0,Katashi,1e-06,0.9803921568627451,1.0,0
2018-11-08,0.10505407190785279,5.0,0.19801980198019803,0.0,0.0,0,0.0,0.9803921568627451,0.0,1e-06,1.0,Katashi,1e-06,0.9803921568627451,1.0,0
2018-11-09,0.07830291953255364,5.0,0.19801980198019803,0.0,0.0,0,0.0,0.9803921568627451,0.0,1e-06,1.0,Katashi,1e-06,0.9803921568627451,1.0,0
2018-11-12,0.08914808840951663,5.0,0.19801980198019803,0.0,0.0,0,0.0,0.9803921568627451,0.0,1e-06,1.0,Katashi,1e-06,0.9803921568627451,1.0,0
2018-11-13,0.0851477507999247,5.0,0.19801980198019803,0.0,0.0,0,0.0,0.9803921568627451,0.0,1e-06,1.0,Katashi,1e-06,0.9803921568627451,1.0,0
2018-11-14,0.08035573122529645,5.0,0.19801980198019803,0.0,0.0,0,0.0,0.9803921568627451,0.0,1e-06,1.0,Katashi,1e-06,0.9803921568627451,1.0,0
2018-11-15,0.07115314637053767,5.0,0.19801980198019803,0.0,0.0,0,0.0,0.9803921568627451,0.0,1e-06,1.0,Katashi,1e-06,0.9803921568627451,1.0,0
2018-11-16,0.07906832298136644,5.0,0.19801980198019803,0.0,0.0,0,0.0,0.9803921568627451,0.0,1e-06,1.0,Katashi,1e-06,0.9803921568627451,1.0,0
2018-11-19,0.07201141853315768,5.0,0.19801980198019803,0.0,0.0,0,0.0,0.9803921568627451,0.0,1e-06,1.0,Katashi,1e-06,0.9803921568627451,1.0,0
2018-11-20,0.09468410816236905,5.0,0.19801980198019803,0.0,0.0,0,0.0,0.9803921568627451,0.0,1e-06,1.0,Katashi,1e-06,0.9803921568627451,1.0,0
2018-11-21,0.07818620992534034,5.0,0.19801980198019803,0.0,0.0,0,0.0,0.9803921568627451,0.0,1e-06,1.0,Katashi,1e-06,0.9803921568627451,1.0,0
2018-11-23,0.08958215697346131,5.0,0.19801980198019803,0.0,0.0,0,0.0,0.9803921568627451,0.0,1e-06,1.0,Katashi,1e-06,0.9803921568627451,1.0,0
2018-11-26,0.10782044042913606,5.0,0.19801980198019803,0.0,0.0,0,0.0,0.9803921568627451,0.0,1e-06,1.0,Katashi,1e-06,0.9803921568627451,1.0,0
2018-11-27,0.11802434280695151,4.0,0.2469135802469136,0.0,0.0,0,0.0,0.7862550960986313,0.0,1e-06,0.48789131095633376,Utsuroi,1e-06,0.9803921568627451,1.0,0
2018-11-28,0.1497804128238911,4.0,0.2469135802469136,0.0,0.0,0,0.0,0.7862550960986313,0.0,1e-06,1.0,Utsuroi,1e-06,0.9803921568627451,1.0,0
2018-11-29,0.1441062801932367,4.0,0.2469135802469136,1.5402679132003087e-11,0.9999999999835973,1,2.526448628437539e-22,0.7862550960986313,1.0,1e-06,0.5758418739262368,Utsuroi,1e-06,0.9803921568627451,1.0,0
2018-11-30,0.15068636677332334,4.0,0.2469135802469136,1.230315849190061e-11,0.9999999999866969,1,1.6367059520278047e-22,0.7862550960986313,1.0,1e-06,1.0,Utsuroi,1e-06,0.9803921568627451,1.0,0
2018-12-03,0.18547023025283893,3.0,0.3278688524590164,2.449324076589504e-10,0.9999999997540676,1,6.023681131834999e-20,0.5921180353341292,1.0,1e-06,0.9706846300420542,Utsuroi,1e-06,0.9803921568627451,1.0,0
2018-12-04,0.1449883932492628,4.0,0.2469135802469136,8.518852290206485e-12,0.9999999999904812,1,8.108950818127831e-23,0.7862550960986313,1.0,1e-06,0.7250287196673351,Utsuroi,1e-06,0.9803921568627451,1.0,0
2018-12-06,0.10789196310935441,4.0,0.2469135802469136,1.4261702929613876e-11,0.9999999999847383,1,2.17657557890424e-22,0.7862550960986313,1.0,1e-06,1.0,Utsuroi,1e-06,0.9803921568627451,1.0,0
2018-12-07,0.09001129305477133,4.0,0.2469135802469136,3.184252861334022e-11,0.9999999999671575,1,1.0457884527103823e-21,0.7862550960986313,1.0,1e-06,1.0,Utsuroi,1e-06,0.9803921568627451,1.0,0
2018-12-10,0.09204408694877252,4.0,0.2469135802469136,5.49937873015763e-12,0.9999999999935006,1,3.5742423492264067e-23,0.7862550960986313,1.0,1e-06,1.0,Utsuroi,1e-06,0.9803921568627451,1.0,0
2018-12-11,0.09805519062533974,3.0,0.3278688524590164,7.2492012392564346e-12,0.9999999999917508,1,5.979995948193557e-23,0.5921180353341292,1.0,1e-06,0.9706846300420542,Utsuroi,1e-06,0.9803921568627451,1.0,0
2018-12-12,0.09649216771471368,2.0,0.48780487804878053,5.98698868256971e-12,0.999999999993013,1,4.183088972544264e-23,0.397980974569239,1.0,1e-06,0.4452142516804555,Utsuroi,1e-06,0.9803921568627451,1.0,0
2018-12-13,0.10240539612342747,3.0,0.3278688524590164,2.3882451571612524e-11,0.9999999999751176,1,5.942534163285019e-22,0.5921180353341292,1.0,1e-06,0.7371917383471622,Utsuroi,1e-06,0.9803921568627451,1.0,0
2018-12-14,0.106900613241241,2.0,0.48780487804878053,2.8117730365838217e-11,0.9999999999708823,1,8.187238692911629e-22,0.397980974569239,1.0,1e-06,0.4452142516804555,Utsuroi,1e-06,0.9803921568627451,1.0,0
2018-12-17,0.09904460453610506,4.5,0.21978021978021978,0.0,0.0,0,0.0,0.8833236264807367,0.0,1e-06,0.7729515839085804,Utsuroi,1e-06,0.9803921568627451,1.0,0
2018-12-18,0.1182367642787158,4.0,0.2469135802469136,0.0,0.0,0,0.0,0.7862550960986313,0.0,1e-06,0.5255732137474102,Utsuroi,1e-06,0.9803921568627451,1.0,0
2018-12-19,0.12404270865473949,4.0,0.2469135802469136,0.0,0.0,0,0.0,0.7862550960986313,0.0,1e-06,1.0,Utsuroi,1e-06,0.9803921568627451,1.0,0
2018-12-20,0.11572280925643622,4.0,0.2469135802469136,4.4327652658576904e-11,0.9999999999546724,1,2.009267462319607e-21,0.7862550960986313,1.0,1e-06,0.5758418739262368,Utsuroi,1e-06,0.9803921568627451,1.0,0
2018-12-21,0.13220659368624219,3.0,0.3278688524590164,4.422795463097008e-11,0.9999999999547721,1,2.0003389471168975e-21,0.5921180353341292,1.0,1e-06,0.9706846300420542,Utsuroi,1e-06,0.9803921568627451,1.0,0
2018-12-24,0.09123195454085102,4.5,0.21978021978021978,0.0,0.0,0,0.0,0.8833236264807367,0.0,1e-06,0.7129711718554932,Utsuroi,1e-06,0.9803921568627451,1.0,0
2018-12-26,0.07329882677708767,4.5,0.21978021978021978,0.0,0.0,0,0.0,0.8833236264807367,0.0,1e-06,1.0,Utsuroi,1e-06,0.9803921568627451,1.0,0
2018-12-27,0.08626827279001191,4.0,0.2469135802469136,0.0,0.0,0,0.0,0.7862550960986313,0.0,1e-06,0.5255732137474102,Utsuroi,1e-06,0.9803921568627451,1.0,0
2018-12-28,0.12493820189472367,4.0,0.2469135802469136,0.0,0.0,0,0.0,0.7862550960986313,0.0,1e-06,1.0,Utsuroi,1e-06,0.9803921568627451,1.0,0
2018-12-31,0.14744400527009224,3.0,0.3278688524590164,4.7531756307494733e-11,0.9999999999514683,1,2.306798562554303e-21,0.5921180353341292,1.0,1e-06,0.6335831450889235,Utsuroi,1e-06,0.9803921568627451,1.0,0
2019-01-02,0.1603657694962043,3.0,0.3278688524590164,6.170275401532455e-11,0.9999999999372973,1,3.868931242241184e-21,0.5921180353341292,1.0,1e-06,1.0,Utsuroi,1e-06,0.9803921568627451,1.0,0
2019-01-03,0.14529832486354227,4.0,0.2469135802469136,0.0,0.0,0,0.0,0.7862550960986313,0.0,1e-06,0.8473064272229136,Utsuroi,1e-06,0.9803921568627451,1.0,0
2019-01-04,0.12124286341677645,4.0,0.2469135802469136,0.0,0.0,0,0.0,0.7862550960986313,0.0,1e-06,1.0,Utsuroi,1e-06,0.9803921568627451,1.0,0
2019-01-07,0.09606687997992346,4.0,0.2469135802469136,0.0,0.0,0,0.0,0.7862550960986313,0.0,1e-06,1.0,Utsuroi,1e-06,0.9803921568627451,1.0,0
2019-01-08,0.10076353598092729,4.0,0.2469135802469136,0.0,0.0,0,0.0,0.7862550960986313,0.0,1e-06,1.0,Utsuroi,1e-06,0.9803921568627451,1.0,0
2019-01-09,0.09592383461948678,4.0,0.2469135802469136,0.0,0.0,0,0.0,0.7862550960986313,0.0,1e-06,1.0,Utsuroi,1e-06,0.9803921568627451,1.0,0
2019-01-10,0.10238471673254283,4.0,0.2469135802469136,0.0,0.0,0,0.0,0.7862550960986313,0.0,1e-06,1.0,Utsuroi,1e-06,0.9803921568627451,1.0,0
2019-01-11,0.10608005521048999,4.0,0.2469135802469136,0.0,0.0,0,0.0,0.7862550960986313,0.0,1e-06,1.0,Utsuroi,1e-06,0.9803921568627451,1.0,0
2019-01-14,0.09413576761402849,4.0,0.2469135802469136,0.0,0.0,0,0.0,0.7862550960986313,0.0,1e-06,1.0,Utsuroi,1e-06,0.9803921568627451,1.0,0
2019-01-15,0.098975468975469,5.0,0.19801980198019803,0.0,0.0,0,0.0,0.9803921568627451,0.0,1e-06,0.34421469826039475,Katashi,1e-06,0.9803921568627451,1.0,0
2019-01-16,0.09342054081184516,4.0,0.2469135802469136,0.0,0.0,0,0.0,0.7862550960986313,0.0,1e-06,0.48789131095633376,Utsuroi,1e-06,0.9803921568627451,1.0,0
2019-01-17,0.07434782608695654,4.0,0.2469135802469136,0.0,0.0,0,0.0,0.7862550960986313,0.0,1e-06,1.0,Utsuroi,1e-06,0.9803921568627451,1.0,0
2019-01-18,0.06173599347512392,4.0,0.2469135802469136,0.0,0.0,0,0.0,0.7862550960986313,0.0,1e-06,1.0,Utsuroi,1e-06,0.9803921568627451,1.0,0
2019-01-22,0.05906581341363952,4.0,0.2469135802469136,0.0,0.0,0,0.0,0.7862550960986313,0.0,1e-06,1.0,Utsuroi,1e-06,0.9803921568627451,1.0,0
2019-01-23,0.04998243302591129,4.0,0.2469135802469136,0.0,0.0,0,0.0,0.7862550960986313,0.0,1e-06,1.0,Utsuroi,1e-06,0.9803921568627451,1.0,0
2019-01-24,0.0321017629713282,5.0,0.19801980198019803,0.0,0.0,0,0.0,0.9803921568627451,0.0,1e-06,0.34421469826039475,Katashi,1e-06,0.9803921568627451,1.0,0
2019-01-25,-0.007950937950937962,5.0,0.19801980198019803,0.0,0.0,0,0.0,0.9803921568627451,0.0,1e-06,1.0,Katashi,1e-06,0.9803921568627451,1.0,0
2019-01-28,-0.001347010477445264,5.0,0.19801980198019803,0.0,0.0,0,0.0,0.9803921568627451,0.0,1e-06,1.0,Katashi,1e-06,0.9803921568627451,1.0,0
2019-01-29,0.00630591630591631,5.0,0.19801980198019803,0.0,0.0,0,0.0,0.9803921568627451,0.0,1e-06,1.0,Katashi,1e-06,0.9803921568627451,1.0,0
2019-01-30,0.01155091285526067,5.0,0.19801980198019803,0.0,0.0,0,0.0,0.9803921568627451,0.0,1e-06,1.0,Katashi,1e-06,0.9803921568627451,1.0,0
2019-01-31,0.0044463266202396535,5.0,0.19801980198019803,3.1993629966986736e-11,0.9999999999670064,1,1.0555852806947285e-21,0.9803921568627451,1.0,1e-06,0.6193164443413411,Katashi,1e-06,0.9803921568627451,1.0,0
2019-02-01,0.024591881548403288,5.0,0.19801980198019803,3.495459477355995e-11,0.9999999999640454,1,1.2567775173241579e-21,0.9803921568627451,1.0,1e-06,1.0,Katashi,1e-06,0.9803921568627451,1.0,0
2019-02-04,0.015938401524277265,5.0,0.19801980198019803,2.945120813454235e-10,0.9999999997044879,1,8.703187163750428e-20,0.9803921568627451,1.0,1e-06,1.0,Katashi,1e-06,0.9803921568627451,1.0,0
2019-02-05,0.018401704152489307,4.0,0.2469135802469136,1.4353496168361376e-10,0.9999999998554651,1,2.074581701345901e-20,0.7862550960986313,1.0,1e-06,0.5362404434604868,Utsuroi,1e-06,0.9803921568627451,1.0,0
2019-02-06,0.03802494394266799,4.0,0.2469135802469136,3.235134382550909e-11,0.9999999999666487,1,1.0789600754924168e-21,0.7862550960986313,1.0,1e-06,1.0,Utsuroi,1e-06,0.9803921568627451,1.0,0
2019-02-07,0.03818573512452827,4.0,0.2469135802469136,0.0,0.0,0,0.0,0.7862550960986313,0.0,1e-06,1.0,Utsuroi,1e-06,0.9803921568627451,1.0,0
2019-02-08,0.04171267706530957,4.0,0.2469135802469136,1.386777247627969e-09,0.9999999986122228,1,1.9245378824437495e-18,0.7862550960986313,1.0,1e-06,0.5758418739262368,Utsuroi,1e-06,0.9803921568627451,1.0,0
2019-02-11,0.05270653827758821,4.0,0.2469135802469136,4.014022447677924e-11,0.9999999999588598,1,1.6513769575861437e-21,0.7862550960986313,1.0,1e-06,1.0,Utsuroi,1e-06,0.9803921568627451,1.0,0
2019-02-12,0.05847490176937473,4.0,0.2469135802469136,0.0,0.0,0,0.0,0.7862550960986313,0.0,1e-06,1.0,Utsuroi,1e-06,0.9803921568627451,1.0,0
2019-02-13,0.0815596828614439,4.0,0.2469135802469136,0.0,0.0,0,0.0,0.7862550960986313,0.0,1e-06,1.0,Utsuroi,1e-06,0.9803921568627451,1.0,0
2019-02-14,0.07834306118659304,5.0,0.19801980198019803,0.0,0.0,0,0.0,0.9803921568627451,0.0,1e-06,0.34421469826039475,Katashi,1e-06,0.9803921568627451,1.0,0
2019-02-15,0.0897366783521316,5.0,0.19801980198019803,0.0,0.0,0,0.0,0.9803921568627451,0.0,1e-06,1.0,Katashi,1e-06,0.9803921568627451,1.0,0
2019-02-19,0.08305024037812692,5.0,0.19801980198019803,0.0,0.0,0,0.0,0.9803921568627451,0.0,1e-06,1.0,Katashi,1e-06,0.9803921568627451,1.0,0
2019-02-20,0.08138180880063926,5.0,0.19801980198019803,0.0,0.0,0,0.0,0.9803921568627451,0.0,1e-06,1.0,Katashi,1e-06,0.9803921568627451,1.0,0
2019-02-21,0.13953255579801885,5.0,0.19801980198019803,0.0,0.0,0,0.0,0.9803921568627451,0.0,1e-06,1.0,Katashi,1e-06,0.9803921568627451,1.0,0
2019-02-22,0.15540026289513453,4.0,0.2469135802469136,0.0,0.0,0,0.0,0.7862550960986313,0.0,1e-06,0.48789131095633376,Utsuroi,1e-06,0.9803921568627451,1.0,0
2019-02-25,0.16774963019902983,4.0,0.2469135802469136,0.0,0.0,0,0.0,0.7862550960986313,0.0,1e-06,1.0,Utsuroi,1e-06,0.9803921568627451,1.0,0
2019-02-26,0.15539905081749047,4.0,0.2469135802469136,0.0,0.0,0,0.0,0.7862550960986313,0.0,1e-06,1.0,Utsuroi,1e-06,0.9803921568627451,1.0,0
2019-02-27,0.16458100005083512,4.0,0.2469135802469136,0.0,0.0,0,0.0,0.7862550960986313,0.0,1e-06,1.0,Utsuroi,1e-06,0.9803921568627451,1.0,0
2019-02-28,0.20662632459480088,4.0,0.2469135802469136,0.0,0.0,0,0.0,0.7862550960986313,0.0,1e-06,1.0,Utsuroi,1e-06,0.9803921568627451,1.0,0
2019-03-01,0.21258650754374042,4.0,0.2469135802469136,0.0,0.0,0,0.0,0.7862550960986313,0.0,1e-06,1.0,Utsuroi,1e-06,0.9803921568627451,1.0,0
2019-03-04,0.17402039793742372,5.0,0.19801980198019803,0.0,0.0,0,0.0,0.9803921568627451,0.0,1e-06,0.34421469826039475,Katashi,1e-06,0.9803921568627451,1.0,0
2019-03-05,0.17682068274729132,5.0,0.19801980198019803,0.0,0.0,0,0.0,0.9803921568627451,0.0,1e-06,1.0,Katashi,1e-06,0.9803921568627451,1.0,0
2019-03-06,0.15135551105780803,5.0,0.19801980198019803,0.0,0.0,0,0.0,0.9803921568627451,0.0,1e-06,1.0,Katashi,1e-06,0.9803921568627451,1.0,0
2019-03-07,0.13266265135830355,5.0,0.19801980198019803,0.0,0.0,0,0.0,0.9803921568627451,0.0,1e-06,1.0,Katashi,1e-06,0.9803921568627451,1.0,0
2019-03-08,0.12424681598594645,5.0,0.19801980198019803,0.0,0.0,0,0.0,0.9803921568627451,0.0,1e-06,1.0,Katashi,1e-06,0.9803921568627451,1.0,0
2019-03-11,0.13869439739004955,5.0,0.19801980198019803,0.0,0.0,0,0.0,0.9803921568627451,0.0,1e-06,1.0,Katashi,1e-06,0.9803921568627451,1.0,0
2019-03-12,0.16027040592257988,5.0,0.19801980198019803,6.301029696016715e-10,0.999999999368897,1,3.9765984145696693e-19,0.9803921568627451,1.0,1e-06,0.6193164443413411,Katashi,1e-06,0.9803921568627451,1.0,0
2019-03-13,0.1802252337034946,5.0,0.19801980198019803,0.0,0.0,0,0.0,0.9803921568627451,0.0,1e-06,1.0,Katashi,1e-06,0.9803921568627451,1.0,0
2019-03-14,0.1669220151828848,5.0,0.19801980198019803,0.0,0.0,0,0.0,0.9803921568627451,0.0,1e-06,1.0,Katashi,1e-06,0.9803921568627451,1.0,0
2019-03-15,0.17397891963109358,5.0,0.19801980198019803,0.0,0.0,0,0.0,0.9803921568627451,0.0,1e-06,1.0,Katashi,1e-06,0.9803921568627451,1.0,0
2019-03-18,0.16580149319279755,5.0,0.19801980198019803,0.0,0.0,0,0.0,0.9803921568627451,0.0,1e-06,1.0,Katashi,1e-06,0.9803921568627451,1.0,0
2019-03-19,0.18947550034506555,5.0,0.19801980198019803,0.0,0.0,0,0.0,0.9803921568627451,0.0,1e-06,1.0,Katashi,1e-06,0.9803921568627451,1.0,0
2019-03-20,0.15521613652048435,5.0,0.19801980198019803,0.0,0.0,0,0.0,0.9803921568627451,0.0,1e-06,1.0,Katashi,1e-06,0.9803921568627451,1.0,0
2019-03-21,0.15290356986009163,5.0,0.19801980198019803,0.0,0.0,0,0.0,0.9803921568627451,0.0,1e-06,1.0,Katashi,1e-06,0.9803921568627451,1.0,0
2019-03-22,0.1221488173662087,5.0,0.19801980198019803,0.0,0.0,0,0.0,0.9803921568627451,0.0,1e-06,1.0,Katashi,1e-06,0.9803921568627451,1.0,0
2019-03-25,0.07980739067695589,5.0,0.19801980198019803,0.0,0.0,0,0.0,0.9803921568627451,0.0,1e-06,1.0,Katashi,1e-06,0.9803921568627451,1.0,0
2019-03-26,0.07286969069577767,5.0,0.19801980198019803,0.0,0.0,0,0.0,0.9803921568627451,0.0,1e-06,1.0,Katashi,1e-06,0.9803921568627451,1.0,0
2019-03-27,0.06504987765857333,5.0,0.19801980198019803,0.0,0.0,0,0.0,0.9803921568627451,0.0,1e-06,1.0,Katashi,1e-06,0.9803921568627451,1.0,0
2019-03-28,0.07105778279691323,5.0,0.19801980198019803,0.0,0.0,0,0.0,0.9803921568627451,0.0,1e-06,1.0,Katashi,1e-06,0.9803921568627451,1.0,0
2019-03-29,0.057420791768617876,5.0,0.19801980198019803,0.0,0.0,0,0.0,0.9803921568627451,0.0,1e-06,1.0,Katashi,1e-06,0.9803921568627451,1.0,0
2019-04-01,0.0017284647719430465,5.0,0.19801980198019803,0.0,0.0,0,0.0,0.9803921568627451,0.0,1e-06,1.0,Katashi,1e-06,0.9803921568627451,1.0,0
2019-04-02,0.006091348265261294,5.0,0.19801980198019803,0.0,0.0,0,0.0,0.9803921568627451,0.0,1e-06,1.0,Katashi,1e-06,0.9803921568627451,1.0,0
2019-04-03,0.023662086705564966,5.0,0.19801980198019803,0.0,0.0,0,0.0,0.9803921568627451,0.0,1e-06,1.0,Katashi,1e-06,0.9803921568627451,1.0,0
2019-04-04,0.03491498839324925,5.0,0.19801980198019803,0.0,0.0,0,0.0,0.9803921568627451,0.0,1e-06,1.0,Katashi,1e-06,0.9803921568627451,1.0,0
2019-04-05,0.03307923960097871,5.0,0.19801980198019803,0.0,0.0,0,0.0,0.9803921568627451,0.0,1e-06,1.0,Katashi,1e-06,0.9803921568627451,1.0,0
2019-04-08,0.059995608256477824,5.0,0.19801980198019803,0.0,0.0,0,0.0,0.9803921568627451,0.0,1e-06,1.0,Katashi,1e-06,0.9803921568627451,1.0,0
2019-04-09,0.06457305979045111,5.0,0.19801980198019803,0.0,0.0,0,0.0,0.9803921568627451,0.0,1e-06,1.0,Katashi,1e-06,0.9803921568627451,1.0,0
2019-04-10,0.08545768241420418,5.0,0.19801980198019803,0.0,0.0,0,0.0,0.9803921568627451,0.0,1e-06,1.0,Katashi,1e-06,0.9803921568627451,1.0,0
2019-04-11,0.08667356797791582,5.0,0.19801980198019803,0.0,0.0,0,0.0,0.9803921568627451,0.0,1e-06,1.0,Katashi,1e-06,0.9803921568627451,1.0,0
2019-04-12,0.06955580651232825,5.0,0.19801980198019803,0.0,0.0,0,0.0,0.9803921568627451,0.0,1e-06,1.0,Katashi,1e-06,0.9803921568627451,1.0,0
2019-04-15,0.0700803061672627,5.0,0.19801980198019803,0.0,0.0,0,0.0,0.9803921568627451,0.0,1e-06,1.0,Katashi,1e-06,0.9803921568627451,1.0,0
2019-04-16,0.040612961917309745,5.0,0.19801980198019803,0.0,0.0,0,0.0,0.9803921568627451,0.0,1e-06,1.0,Katashi,1e-06,0.9803921568627451,1.0,0
2019-04-17,0.041304347826086954,5.0,0.19801980198019803,0.0,0.0,0,0.0,0.9803921568627451,0.0,1e-06,1.0,Katashi,1e-06,0.9803921568627451,1.0,0
2019-04-18,0.03560579691379937,5.0,0.19801980198019803,0.0,0.0,0,0.0,0.9803921568627451,0.0,1e-06,1.0,Katashi,1e-06,0.9803921568627451,1.0,0
2019-04-22,0.05890086838024614,5.0,0.19801980198019803,1.4520162849742634e-11,0.9999999999844799,1,2.253549708235516e-22,0.9803921568627451,1.0,1e-06,0.6193164443413411,Katashi,1e-06,0.9803921568627451,1.0,0
2019-04-23,0.07371923947545465,5.0,0.19801980198019803,2.061351089798221e-11,0.9999999999783865,1,4.455298864376991e-22,0.9803921568627451,1.0,1e-06,1.0,Katashi,1e-06,0.9803921568627451,1.0,0
2019-04-24,0.08374583349905225,5.0,0.19801980198019803,3.01514369022853e-11,0.9999999999688486,1,9.39259917187743e-22,0.9803921568627451,1.0,1e-06,1.0,Katashi,1e-06,0.9803921568627451,1.0,0
2019-04-25,0.10307110322614835,5.0,0.19801980198019803,1.5597745317426505e-11,0.9999999999834023,1,2.5888705925791125e-22,0.9803921568627451,1.0,1e-06,1.0,Katashi,1e-06,0.9803921568627451,1.0,0
2019-04-26,0.15469310877131953,5.0,0.19801980198019803,1.2093326340249225e-11,0.9999999999869067,1,1.5834160078786487e-22,0.9803921568627451,1.0,1e-06,1.0,Katashi,1e-06,0.9803921568627451,1.0,0
2019-04-29,0.15206921321670033,5.0,0.19801980198019803,0.0,0.0,0,0.0,0.9803921568627451,0.0,1e-06,1.0,Katashi,1e-06,0.9803921568627451,1.0,0
2019-04-30,0.15034066086682685,5.0,0.19801980198019803,0.0,0.0,0,0.0,0.9803921568627451,0.0,1e-06,1.0,Katashi,1e-06,0.9803921568627451,1.0,0
2019-05-01,0.18612150058296553,5.0,0.19801980198019803,0.0,0.0,0,0.0,0.9803921568627451,0.0,1e-06,1.0,Katashi,1e-06,0.9803921568627451,1.0,0
2019-05-02,0.2177734482247434,5.0,0.19801980198019803,0.0,0.0,0,0.0,0.9803921568627451,0.0,1e-06,1.0,Katashi,1e-06,0.9803921568627451,1.0,0
2019-05-03,0.25017575085329924,4.0,0.2469135802469136,0.0,0.0,0,0.0,0.7862550960986313,0.0,1e-06,0.48789131095633376,Utsuroi,1e-06,0.9803921568627451,1.0,0
2019-05-06,0.23751382899969242,5.0,0.19801980198019803,0.0,0.0,0,0.0,0.9803921568627451,0.0,1e-06,0.34421469826039475,Katashi,1e-06,0.9803921568627451,1.0,0
2019-05-07,0.19553974352472545,5.0,0.19801980198019803,0.0,0.0,0,0.0,0.9803921568627451,0.0,1e-06,1.0,Katashi,1e-06,0.9803921568627451,1.0,0
2019-05-08,0.21101391763717017,5.0,0.19801980198019803,0.0,0.0,0,0.0,0.9803921568627451,0.0,1e-06,1.0,Katashi,1e-06,0.9803921568627451,1.0,0
2019-05-09,0.20487495828962582,5.0,0.19801980198019803,0.0,0.0,0,0.0,0.9803921568627451,0.0,1e-06,1.0,Katashi,1e-06,0.9803921568627451,1.0,0
2019-05-10,0.20978448542258307,5.0,0.19801980198019803,0.0,0.0,0,0.0,0.9803921568627451,0.0,1e-06,1.0,Katashi,1e-06,0.9803921568627451,1.0,0
2019-05-13,0.14871284852524996,5.0,0.19801980198019803,0.0,0.0,0,0.0,0.9803921568627451,0.0,1e-06,1.0,Katashi,1e-06,0.9803921568627451,1.0,0
2019-05-14,0.1575157608856202,5.0,0.19801980198019803,0.0,0.0,0,0.0,0.9803921568627451,0.0,1e-06,1.0,Katashi,1e-06,0.9803921568627451,1.0,0
2019-05-15,0.1718223574612815,5.0,0.19801980198019803,0.0,0.0,0,0.0,0.9803921568627451,0.0,1e-06,1.0,Katashi,1e-06,0.9803921568627451,1.0,0
2019-05-16,0.13797740465831423,5.0,0.19801980198019803,0.0,0.0,0,0.0,0.9803921568627451,0.0,1e-06,1.0,Katashi,1e-06,0.9803921568627451,1.0,0
2019-05-17,0.16518086063186063,5.0,0.19801980198019803,0.0,0.0,0,0.0,0.9803921568627451,0.0,1e-06,1.0,Katashi,1e-06,0.9803921568627451,1.0,0
2019-05-20,0.1727554511374976,5.0,0.19801980198019803,0.0,0.0,0,0.0,0.9803921568627451,0.0,1e-06,1.0,Katashi,1e-06,0.9803921568627451,1.0,0
2019-05-21,0.16803990258777507,5.0,0.19801980198019803,0.0,0.0,0,0.0,0.9803921568627451,0.0,1e-06,1.0,Katashi,1e-06,0.9803921568627451,1.0,0
2019-05-22,0.1573828212223029,5.0,0.19801980198019803,0.0,0.0,0,0.0,0.9803921568627451,0.0,1e-06,1.0,Katashi,1e-06,0.9803921568627451,1.0,0
2019-05-23,0.12537401450372282,5.0,0.19801980198019803,0.0,0.0,0,0.0,0.9803921568627451,0.0,1e-06,1.0,Katashi,1e-06,0.9803921568627451,1.0,0
2019-05-24,0.12457499778573662,5.0,0.19801980198019803,0.0,0.0,0,0.0,0.9803921568627451,0.0,1e-06,1.0,Katashi,1e-06,0.9803921568627451,1.0,0
2019-05-28,0.10703369094673444,5.0,0.19801980198019803,0.0,0.0,0,0.0,0.9803921568627451,0.0,1e-06,1.0,Katashi,1e-06,0.9803921568627451,1.0,0
2019-05-29,0.07294121337599598,5.0,0.19801980198019803,0.0,0.0,0,0.0,0.9803921568627451,0.0,1e-06,1.0,Katashi,1e-06,0.9803921568627451,1.0,0
2019-05-30,0.08519543258673694,5.0,0.19801980198019803,0.0,0.0,0,0.0,0.9803921568627451,0.0,1e-06,1.0,Katashi,1e-06,0.9803921568627451,1.0,0
2019-05-31,0.06223665223665222,5.0,0.19801980198019803,0.0,0.0,0,0.0,0.9803921568627451,0.0,1e-06,1.0,Katashi,1e-06,0.9803921568627451,1.0,0
2019-06-03,0.08188154840328755,5.0,0.19801980198019803,0.0,0.0,0,0.0,0.9803921568627451,0.0,1e-06,1.0,Katashi,1e-06,0.9803921568627451,1.0,0
2019-06-04,0.060639312378442826,5.0,0.19801980198019803,0.0,0.0,0,0.0,0.9803921568627451,0.0,1e-06,1.0,Katashi,1e-06,0.9803921568627451,1.0,0
2019-06-05,0.035034192860279825,5.0,0.19801980198019803,0.0,0.0,0,0.0,0.9803921568627451,0.0,1e-06,1.0,Katashi,1e-06,0.9803921568627451,1.0,0
2019-06-06,0.03691762343936256,5.0,0.19801980198019803,0.0,0.0,0,0.0,0.9803921568627451,0.0,1e-06,1.0,Katashi,1e-06,0.9803921568627451,1.0,0
2019-06-07,0.0434023464458247,5.0,0.19801980198019803,0.0,0.0,0,0.0,0.9803921568627451,0.0,1e-06,1.0,Katashi,1e-06,0.9803921568627451,1.0,0
2019-06-10,0.019394566785871144,5.0,0.19801980198019803,0.0,0.0,0,0.0,0.9803921568627451,0.0,1e-06,1.0,Katashi,1e-06,0.9803921568627451,1.0,0
2019-06-11,0.0152554109363884,5.0,0.19801980198019803,0.0,0.0,0,0.0,0.9803921568627451,0.0,1e-06,1.0,Katashi,1e-06,0.9803921568627451,1.0,0
2019-06-12,0.018891615177466212,5.0,0.19801980198019803,0.0,0.0,0,0.0,0.9803921568627451,0.0,1e-06,1.0,Katashi,1e-06,0.9803921568627451,1.0,0
2019-06-13,0.03638038855219773,5.0,0.19801980198019803,0.0,0.0,0,0.0,0.9803921568627451,0.0,1e-06,1.0,Katashi,1e-06,0.9803921568627451,1.0,0
2019-06-14,0.04246052341604831,5.0,0.19801980198019803,0.0,0.0,0,0.0,0.9803921568627451,0.0,1e-06,1.0,Katashi,1e-06,0.9803921568627451,1.0,0
2019-06-17,0.05072152428967715,5.0,0.19801980198019803,0.0,0.0,0,0.0,0.9803921568627451,0.0,1e-06,1.0,Katashi,1e-06,0.9803921568627451,1.0,0
2019-06-18,0.10913395547829007,5.0,0.19801980198019803,1.6723622486679557e-11,0.9999999999822764,1,2.9640280161097592e-22,0.9803921568627451,1.0,1e-06,0.6193164443413411,Katashi,1e-06,0.9803921568627451,1.0,0
2019-06-19,0.09321980560706492,5.0,0.19801980198019803,6.096412263708747e-11,0.9999999999380359,1,3.777587023032677e-21,0.9803921568627451,1.0,1e-06,1.0,Katashi,1e-06,0.9803921568627451,1.0,0
2019-06-20,0.09660407446450019,5.0,0.19801980198019803,2.8978786033242344e-10,0.9999999997092122,1,8.426678545802236e-20,0.9803921568627451,1.0,1e-06,1.0,Katashi,1e-06,0.9803921568627451,1.0,0
2019-06-21,0.12351094346170191,5.0,0.19801980198019803,0.0,0.0,0,0.0,0.9803921568627451,0.0,1e-06,1.0,Katashi,1e-06,0.9803921568627451,1.0,0
2019-06-24,0.122522344336464,5.0,0.19801980198019803,0.0,0.0,0,0.0,0.9803921568627451,0.0,1e-06,1.0,Katashi,1e-06,0.9803921568627451,1.0,0
2019-06-25,0.1543046120644509,5.0,0.19801980198019803,0.0,0.0,0,0.0,0.9803921568627451,0.0,1e-06,1.0,Katashi,1e-06,0.9803921568627451,1.0,0
2019-06-26,0.16344885726657352,5.0,0.19801980198019803,0.0,0.0,0,0.0,0.9803921568627451,0.0,1e-06,1.0,Katashi,1e-06,0.9803921568627451,1.0,0
2019-06-27,0.18629221079161826,5.0,0.19801980198019803,0.0,0.0,0,0.0,0.9803921568627451,0.0,1e-06,1.0,Katashi,1e-06,0.9803921568627451,1.0,0
2019-06-28,0.1746564743876749,5.0,0.19801980198019803,0.0,0.0,0,0.0,0.9803921568627451,0.0,1e-06,1.0,Katashi,1e-06,0.9803921568627451,1.0,0
2019-07-01,0.1787451303698231,5.0,0.19801980198019803,0.0,0.0,0,0.0,0.9803921568627451,0.0,1e-06,1.0,Katashi,1e-06,0.9803921568627451,1.0,0
2019-07-02,0.20258865667792728,5.0,0.19801980198019803,0.0,0.0,0,0.0,0.9803921568627451,0.0,1e-06,1.0,Katashi,1e-06,0.9803921568627451,1.0,0
2019-07-03,0.20076417852406736,5.0,0.19801980198019803,0.0,0.0,0,0.0,0.9803921568627451,0.0,1e-06,1.0,Katashi,1e-06,0.9803921568627451,1.0,0
2019-07-05,0.2375180839458733,4.0,0.2469135802469136,0.0,0.0,0,0.0,0.7862550960986313,0.0,1e-06,0.48789131095633376,Utsuroi,1e-06,0.9803921568627451,1.0,0
2019-07-08,0.27208419599723954,4.0,0.2469135802469136,0.0,0.0,0,0.0,0.7862550960986313,0.0,1e-06,1.0,Utsuroi,1e-06,0.9803921568627451,1.0,0
2019-07-09,0.2695809021895979,4.0,0.2469135802469136,0.0,0.0,0,0.0,0.7862550960986313,0.0,1e-06,1.0,Utsuroi,1e-06,0.9803921568627451,1.0,0
2019-07-10,0.27046301524562394,4.0,0.2469135802469136,0.0,0.0,0,0.0,0.7862550960986313,0.0,1e-06,1.0,Utsuroi,1e-06,0.9803921568627451,1.0,0
2019-07-11,0.2772099880795533,4.0,0.2469135802469136,0.0,0.0,0,0.0,0.7862550960986313,0.0,1e-06,1.0,Utsuroi,1e-06,0.9803921568627451,1.0,0
2019-07-12,0.2791649413388544,4.0,0.2469135802469136,0.0,0.0,0,0.0,0.7862550960986313,0.0,1e-06,1.0,Utsuroi,1e-06,0.9803921568627451,1.0,0
2019-07-15,0.2834086203651421,3.0,0.3278688524590164,0.0,0.0,0,0.0,0.5921180353341292,0.0,1e-06,0.9673373529881764,Utsuroi,1e-06,0.9803921568627451,1.0,0
2019-07-16,0.2876046176046176,4.0,0.2469135802469136,0.0,0.0,0,0.0,0.7862550960986313,0.0,1e-06,0.696361660023664,Utsuroi,1e-06,0.9803921568627451,1.0,0
2019-07-17,0.25999686304034136,3.0,0.3278688524590164,0.0,0.0,0,0.0,0.5921180353341292,0.0,1e-06,0.9673373529881764,Utsuroi,1e-06,0.9803921568627451,1.0,0
2019-07-18,0.2564684108162369,3.0,0.3278688524590164,0.0,0.0,0,0.0,0.5921180353341292,0.0,1e-06,1.0,Utsuroi,1e-06,0.9803921568627451,1.0,0
2019-07-19,0.25849488675575627,3.0,0.3278688524590164,0.0,0.0,0,0.0,0.5921180353341292,0.0,1e-06,1.0,Utsuroi,1e-06,0.9803921568627451,1.0,0
2019-07-22,0.27246565029173725,3.0,0.3278688524590164,0.0,0.0,0,0.0,0.5921180353341292,0.0,1e-06,1.0,Utsuroi,1e-06,0.9803921568627451,1.0,0
2019-07-23,0.25870945479641133,3.0,0.3278688524590164,0.0,0.0,0,0.0,0.5921180353341292,0.0,1e-06,1.0,Utsuroi,1e-06,0.9803921568627451,1.0,0
2019-07-24,0.2540843214756258,3.0,0.3278688524590164,0.0,0.0,0,0.0,0.5921180353341292,0.0,1e-06,1.0,Utsuroi,1e-06,0.9803921568627451,1.0,0
2019-07-25,0.3104680343810779,3.0,0.3278688524590164,0.0,0.0,0,0.0,0.5921180353341292,0.0,1e-06,1.0,Utsuroi,1e-06,0.9803921568627451,1.0,0
2019-07-26,0.3234851621808144,3.0,0.3278688524590164,0.0,0.0,0,0.0,0.5921180353341292,0.0,1e-06,1.0,Utsuroi,1e-06,0.9803921568627451,1.0,0
2019-07-29,0.31481701433446757,3.0,0.3278688524590164,0.0,0.0,0,0.0,0.5921180353341292,0.0,1e-06,1.0,Utsuroi,1e-06,0.9803921568627451,1.0,0
2019-07-30,0.30511317141312316,3.0,0.3278688524590164,0.0,0.0,0,0.0,0.5921180353341292,0.0,1e-06,1.0,Utsuroi,1e-06,0.9803921568627451,1.0,0
2019-07-31,0.2822404165882427,3.0,0.3278688524590164,0.0,0.0,0,0.0,0.5921180353341292,0.0,1e-06,1.0,Utsuroi,1e-06,0.9803921568627451,1.0,0
2019-08-01,0.26018759018759025,4.0,0.2469135802469136,0.0,0.0,0,0.0,0.7862550960986313,0.0,1e-06,0.696361660023664,Utsuroi,1e-06,0.9803921568627451,1.0,0
2019-08-02,0.2536075036075036,4.0,0.2469135802469136,0.0,0.0,0,0.0,0.7862550960986313,0.0,1e-06,1.0,Utsuroi,1e-06,0.9803921568627451,1.0,0
2019-08-05,0.21686868686868693,4.0,0.2469135802469136,0.0,0.0,0,0.0,0.7862550960986313,0.0,1e-06,1.0,Utsuroi,1e-06,0.9803921568627451,1.0,0
2019-08-06,0.2515810276679842,4.0,0.2469135802469136,0.0,0.0,0,0.0,0.7862550960986313,0.0,1e-06,1.0,Utsuroi,1e-06,0.9803921568627451,1.0,0
2019-08-07,0.22967124662776836,5.0,0.19801980198019803,0.0,0.0,0,0.0,0.9803921568627451,0.0,1e-06,0.34421469826039475,Katashi,1e-06,0.9803921568627451,1.0,0
2019-08-08,0.23014806449589065,5.0,0.19801980198019803,0.0,0.0,0,0.0,0.9803921568627451,0.0,1e-06,1.0,Katashi,1e-06,0.9803921568627451,1.0,0
2019-08-09,0.26826965305226175,5.0,0.19801980198019803,0.0,0.0,0,0.0,0.9803921568627451,0.0,1e-06,1.0,Katashi,1e-06,0.9803921568627451,1.0,0
2019-08-12,0.2262858397641006,5.0,0.19801980198019803,0.0,0.0,0,0.0,0.9803921568627451,0.0,1e-06,1.0,Katashi,1e-06,0.9803921568627451,1.0,0
2019-08-13,0.20013237969759712,5.0,0.19801980198019803,0.0,0.0,0,0.0,0.9803921568627451,0.0,1e-06,1.0,Katashi,1e-06,0.9803921568627451,1.0,0
2019-08-14,0.17586235021017635,5.0,0.19801980198019803,0.0,0.0,0,0.0,0.9803921568627451,0.0,1e-06,1.0,Katashi,1e-06,0.9803921568627451,1.0,0
2019-08-15,0.17877093920572185,5.0,0.19801980198019803,0.0,0.0,0,0.0,0.9803921568627451,0.0,1e-06,1.0,Katashi,1e-06,0.9803921568627451,1.0,0
2019-08-16,0.17242926155969632,5.0,0.19801980198019803,0.0,0.0,0,0.0,0.9803921568627451,0.0,1e-06,1.0,Katashi,1e-06,0.9803921568627451,1.0,0
2019-08-19,0.15473931865236215,5.0,0.19801980198019803,0.0,0.0,0,0.0,0.9803921568627451,0.0,1e-06,1.0,Katashi,1e-06,0.9803921568627451,1.0,0
2019-08-20,0.10624694146433278,5.0,0.19801980198019803,0.0,0.0,0,0.0,0.9803921568627451,0.0,1e-06,1.0,Katashi,1e-06,0.9803921568627451,1.0,0
2019-08-21,0.09716356107660452,5.0,0.19801980198019803,0.0,0.0,0,0.0,0.9803921568627451,0.0,1e-06,1.0,Katashi,1e-06,0.9803921568627451,1.0,0
2019-08-22,0.1027661710270406,5.0,0.19801980198019803,0.0,0.0,0,0.0,0.9803921568627451,0.0,1e-06,1.0,Katashi,1e-06,0.9803921568627451,1.0,0
2019-08-23,0.07127235083756825,5.0,0.19801980198019803,0.0,0.0,0,0.0,0.9803921568627451,0.0,1e-06,1.0,Katashi,1e-06,0.9803921568627451,1.0,0
2019-08-26,0.047312252964426905,5.0,0.19801980198019803,0.0,0.0,0,0.0,0.9803921568627451,0.0,1e-06,1.0,Katashi,1e-06,0.9803921568627451,1.0,0
2019-08-27,0.03350837568228871,5.0,0.19801980198019803,0.0,0.0,0,0.0,0.9803921568627451,0.0,1e-06,1.0,Katashi,1e-06,0.9803921568627451,1.0,0
2019-08-28,0.03563021519543261,5.0,0.19801980198019803,0.0,0.0,0,0.0,0.9803921568627451,0.0,1e-06,1.0,Katashi,1e-06,0.9803921568627451,1.0,0
2019-08-29,0.03336533032185207,5.0,0.19801980198019803,0.0,0.0,0,0.0,0.9803921568627451,0.0,1e-06,1.0,Katashi,1e-06,0.9803921568627451,1.0,0
2019-08-30,0.03410439801744148,5.0,0.19801980198019803,0.0,0.0,0,0.0,0.9803921568627451,0.0,1e-06,1.0,Katashi,1e-06,0.9803921568627451,1.0,0
2019-09-03,0.038133509003074266,5.0,0.19801980198019803,0.0,0.0,0,0.0,0.9803921568627451,0.0,1e-06,1.0,Katashi,1e-06,0.9803921568627451,1.0,0
2019-09-04,0.0588750862663906,5.0,0.19801980198019803,0.0,0.0,0,0.0,0.9803921568627451,0.0,1e-06,1.0,Katashi,1e-06,0.9803921568627451,1.0,0
2019-09-05,0.0590896543070456,5.0,0.19801980198019803,0.0,0.0,0,0.0,0.9803921568627451,0.0,1e-06,1.0,Katashi,1e-06,0.9803921568627451,1.0,0
2019-09-06,0.025402471924211027,5.0,0.19801980198019803,0.0,0.0,0,0.0,0.9803921568627451,0.0,1e-06,1.0,Katashi,1e-06,0.9803921568627451,1.0,0
2019-09-09,0.015627705627705622,5.0,0.19801980198019803,0.0,0.0,0,0.0,0.9803921568627451,0.0,1e-06,1.0,Katashi,1e-06,0.9803921568627451,1.0,0
2019-09-10,0.008499278499278493,5.0,0.19801980198019803,0.0,0.0,0,0.0,0.9803921568627451,0.0,1e-06,1.0,Katashi,1e-06,0.9803921568627451,1.0,0
2019-09-11,-0.007736369910282963,5.0,0.19801980198019803,0.0,0.0,0,0.0,0.9803921568627451,0.0,1e-06,1.0,Katashi,1e-06,0.9803921568627451,1.0,0
2019-09-12,0.007164188468536276,5.0,0.19801980198019803,0.0,0.0,0,0.0,0.9803921568627451,0.0,1e-06,1.0,Katashi,1e-06,0.9803921568627451,1.0,0
2019-09-13,0.02962231005709265,5.0,0.19801980198019803,0.0,0.0,0,0.0,0.9803921568627451,0.0,1e-06,1.0,Katashi,1e-06,0.9803921568627451,1.0,0
2019-09-16,0.036464646464646505,5.0,0.19801980198019803,0.0,0.0,0,0.0,0.9803921568627451,0.0,1e-06,1.0,Katashi,1e-06,0.9803921568627451,1.0,0
2019-09-17,0.020515088775958343,5.0,0.19801980198019803,0.0,0.0,0,0.0,0.9803921568627451,0.0,1e-06,1.0,Katashi,1e-06,0.9803921568627451,1.0,0
2019-09-18,0.006329757199322438,5.0,0.19801980198019803,0.0,0.0,0,0.0,0.9803921568627451,0.0,1e-06,1.0,Katashi,1e-06,0.9803921568627451,1.0,0
2019-09-19,0.006282075412510194,5.0,0.19801980198019803,0.0,0.0,0,0.0,0.9803921568627451,0.0,1e-06,1.0,Katashi,1e-06,0.9803921568627451,1.0,0
2019-09-20,0.010501913545391827,5.0,0.19801980198019803,0.0,0.0,0,0.0,0.9803921568627451,0.0,1e-06,1.0,Katashi,1e-06,0.9803921568627451,1.0,0
2019-09-23,0.010454231758579579,5.0,0.19801980198019803,0.0,0.0,0,0.0,0.9803921568627451,0.0,1e-06,1.0,Katashi,1e-06,0.9803921568627451,1.0,0
2019-09-24,0.004303281259803011,5.0,0.19801980198019803,0.0,0.0,0,0.0,0.9803921568627451,0.0,1e-06,1.0,Katashi,1e-06,0.9803921568627451,1.0,0
2019-09-25,0.03155342242298764,5.0,0.19801980198019803,0.0,0.0,0,0.0,0.9803921568627451,0.0,1e-06,1.0,Katashi,1e-06,0.9803921568627451,1.0,0
2019-09-26,0.022231633101198307,5.0,0.19801980198019803,0.0,0.0,0,0.0,0.9803921568627451,0.0,1e-06,1.0,Katashi,1e-06,0.9803921568627451,1.0,0
2019-09-27,0.024997176736307164,5.0,0.19801980198019803,0.0,0.0,0,0.0,0.9803921568627451,0.0,1e-06,1.0,Katashi,1e-06,0.9803921568627451,1.0,0
2019-09-30,0.01181316268272786,5.0,0.19801980198019803,0.0,0.0,0,0.0,0.9803921568627451,0.0,1e-06,1.0,Katashi,1e-06,0.9803921568627451,1.0,0
2019-10-01,0.01307673003325178,5.0,0.19801980198019803,0.0,0.0,0,0.0,0.9803921568627451,0.0,1e-06,1.0,Katashi,1e-06,0.9803921568627451,1.0,0
2019-10-02,0.016390614216701186,5.0,0.19801980198019803,0.0,0.0,0,0.0,0.9803921568627451,0.0,1e-06,1.0,Katashi,1e-06,0.9803921568627451,1.0,0
2019-10-03,0.03987389422172032,5.0,0.19801980198019803,0.0,0.0,0,0.0,0.9803921568627451,0.0,1e-06,1.0,Katashi,1e-06,0.9803921568627451,1.0,0
2019-10-04,0.05134136395005959,5.0,0.19801980198019803,0.0,0.0,0,0.0,0.9803921568627451,0.0,1e-06,1.0,Katashi,1e-06,0.9803921568627451,1.0,0
2019-10-07,0.09735428822385346,4.0,0.2469135802469136,0.0,0.0,0,0.0,0.7862550960986313,0.0,1e-06,0.48789131095633376,Utsuroi,1e-06,0.9803921568627451,1.0,0
2019-10-08,0.10338603425559949,5.0,0.19801980198019803,0.0,0.0,0,0.0,0.9803921568627451,0.0,1e-06,0.34421469826039475,Katashi,1e-06,0.9803921568627451,1.0,0
2019-10-09,0.1120402785620177,5.0,0.19801980198019803,0.0,0.0,0,0.0,0.9803921568627451,0.0,1e-06,1.0,Katashi,1e-06,0.9803921568627451,1.0,0
2019-10-10,0.10767739506869943,5.0,0.19801980198019803,0.0,0.0,0,0.0,0.9803921568627451,0.0,1e-06,1.0,Katashi,1e-06,0.9803921568627451,1.0,0
2019-10-11,0.10381517033690947,5.0,0.19801980198019803,0.0,0.0,0,0.0,0.9803921568627451,0.0,1e-06,1.0,Katashi,1e-06,0.9803921568627451,1.0,0
2019-10-14,0.11397139092791267,5.0,0.19801980198019803,0.0,0.0,0,0.0,0.9803921568627451,0.0,1e-06,1.0,Katashi,1e-06,0.9803921568627451,1.0,0
2019-10-15,0.10543635108852498,5.0,0.19801980198019803,0.0,0.0,0,0.0,0.9803921568627451,0.0,1e-06,1.0,Katashi,1e-06,0.9803921568627451,1.0,0
2019-10-16,0.09153711023276243,5.0,0.19801980198019803,0.0,0.0,0,0.0,0.9803921568627451,0.0,1e-06,1.0,Katashi,1e-06,0.9803921568627451,1.0,0
2019-10-17,0.08562456866804696,5.0,0.19801980198019803,0.0,0.0,0,0.0,0.9803921568627451,0.0,1e-06,1.0,Katashi,1e-06,0.9803921568627451,1.0,0
2019-10-18,0.08042725390551479,5.0,0.19801980198019803,0.0,0.0,0,0.0,0.9803921568627451,0.0,1e-06,1.0,Katashi,1e-06,0.9803921568627451,1.0,0
2019-10-21,0.08068950373298202,5.0,0.19801980198019803,0.0,0.0,0,0.0,0.9803921568627451,0.0,1e-06,1.0,Katashi,1e-06,0.9803921568627451,1.0,0
2019-10-22,0.08316895664721752,5.0,0.19801980198019803,0.0,0.0,0,0.0,0.9803921568627451,0.0,1e-06,1.0,Katashi,1e-06,0.9803921568627451,1.0,0
2019-10-23,0.08254909341865865,5.0,0.19801980198019803,0.0,0.0,0,0.0,0.9803921568627451,0.0,1e-06,1.0,Katashi,1e-06,0.9803921568627451,1.0,0
2019-10-24,0.08903229796118343,5.0,0.19801980198019803,0.0,0.0,0,0.0,0.9803921568627451,0.0,1e-06,1.0,Katashi,1e-06,0.9803921568627451,1.0,0
2019-10-25,0.07471464622758159,5.0,0.19801980198019803,0.0,0.0,0,0.0,0.9803921568627451,0.0,1e-06,1.0,Katashi,1e-06,0.9803921568627451,1.0,0
2019-10-28,0.08296544039762072,5.0,0.19801980198019803,0.0,0.0,0,0.0,0.9803921568627451,0.0,1e-06,1.0,Katashi,1e-06,0.9803921568627451,1.0,0
2019-10-29,0.08524229622113941,5.0,0.19801980198019803,0.0,0.0,0,0.0,0.9803921568627451,0.0,1e-06,1.0,Katashi,1e-06,0.9803921568627451,1.0,0
2019-10-30,0.08407482642459113,5.0,0.19801980198019803,3.3304692336722465e-11,0.9999999999656953,1,1.14250648724296e-21,0.9803921568627451,1.0,1e-06,0.6193164443413411,Katashi,1e-06,0.9803921568627451,1.0,0
2019-10-31,0.07903357843972535,5.0,0.19801980198019803,5.214695342062688e-11,0.9999999999468531,1,2.7714505509669686e-21,0.9803921568627451,1.0,1e-06,1.0,Katashi,1e-06,0.9803921568627451,1.0,0
2019-11-01,0.09002475553358814,5.0,0.19801980198019803,1.3880108172958757e-10,0.9999999998601989,1,1.940453830187087e-20,0.9803921568627451,1.0,1e-06,1.0,Katashi,1e-06,0.9803921568627451,1.0,0
2019-11-04,0.08306236620465299,5.0,0.19801980198019803,0.0,0.0,0,0.0,0.9803921568627451,0.0,1e-06,1.0,Katashi,1e-06,0.9803921568627451,1.0,0
2019-11-05,0.06004565696157823,5.0,0.19801980198019803,0.0,0.0,0,0.0,0.9803921568627451,0.0,1e-06,1.0,Katashi,1e-06,0.9803921568627451,1.0,0
2019-11-06,-0.0036254251674895425,5.0,0.19801980198019803,7.267579868591451e-10,0.999999999272242,1,5.289039135657364e-19,0.9803921568627451,1.0,1e-06,0.6193164443413411,Katashi,1e-06,0.9803921568627451,1.0,0
2019-11-07,0.015986110246148263,5.0,0.19801980198019803,0.0,0.0,0,0.0,0.9803921568627451,0.0,1e-06,1.0,Katashi,1e-06,0.9803921568627451,1.0,0
2019-11-08,0.00969155548446581,5.0,0.19801980198019803,0.0,0.0,0,0.0,0.9803921568627451,0.0,1e-06,1.0,Katashi,1e-06,0.9803921568627451,1.0,0
2019-11-11,0.013111925737127052,5.0,0.19801980198019803,0.0,0.0,0,0.0,0.9803921568627451,0.0,1e-06,1.0,Katashi,1e-06,0.9803921568627451,1.0,0
2019-11-12,0.010871225178951806,5.0,0.19801980198019803,0.0,0.0,0,0.0,0.9803921568627451,0.0,1e-06,1.0,Katashi,1e-06,0.9803921568627451,1.0,0
2019-11-13,-0.0003931154912603294,5.0,0.19801980198019803,0.0,0.0,0,0.0,0.9803921568627451,0.0,1e-06,1.0,Katashi,1e-06,0.9803921568627451,1.0,0
2019-11-14,-0.002085387962154058,5.0,0.19801980198019803,0.0,0.0,0,0.0,0.9803921568627451,0.0,1e-06,1.0,Katashi,1e-06,0.9803921568627451,1.0,0
2019-11-15,0.0007626796409961198,5.0,0.19801980198019803,3.571587470151776e-11,0.9999999999632841,1,1.3113387903235057e-21,0.9803921568627451,1.0,1e-06,0.6193164443413411,Katashi,1e-06,0.9803921568627451,1.0,0
2019-11-18,0.002753623188405786,5.0,0.19801980198019803,2.390579955924812e-10,0.999999999759942,1,5.738777797080125e-20,0.9803921568627451,1.0,1e-06,1.0,Katashi,1e-06,0.9803921568627451,1.0,0
2019-11-19,0.005423803249890219,5.0,0.19801980198019803,4.742382041492533e-10,0.9999999995247618,1,2.253761020414467e-19,0.9803921568627451,1.0,1e-06,1.0,Katashi,1e-06,0.9803921568627451,1.0,0
2019-11-20,0.005900621118012431,5.0,0.19801980198019803,2.4025670341785596e-11,0.9999999999749744,1,6.01257974232298e-22,0.9803921568627451,1.0,1e-06,1.0,Katashi,1e-06,0.9803921568627451,1.0,0
2019-11-21,0.02072965681661334,5.0,0.19801980198019803,0.0,0.0,0,0.0,0.9803921568627451,0.0,1e-06,1.0,Katashi,1e-06,0.9803921568627451,1.0,0
2019-11-22,0.02869251521425435,5.0,0.19801980198019803,0.0,0.0,0,0.0,0.9803921568627451,0.0,1e-06,1.0,Katashi,1e-06,0.9803921568627451,1.0,0
2019-11-25,0.04643013990840077,5.0,0.19801980198019803,0.0,0.0,0,0.0,0.9803921568627451,0.0,1e-06,1.0,Katashi,1e-06,0.9803921568627451,1.0,0
2019-11-26,0.04593125549386801,5.0,0.19801980198019803,0.0,0.0,0,0.0,0.9803921568627451,0.0,1e-06,1.0,Katashi,1e-06,0.9803921568627451,1.0,0
2019-11-27,0.04839856911404807,5.0,0.19801980198019803,0.0,0.0,0,0.0,0.9803921568627451,0.0,1e-06,1.0,Katashi,1e-06,0.9803921568627451,1.0,0
2019-11-29,0.05371483919431734,5.0,0.19801980198019803,1.584846698194313e-10,0.9999999998405154,1,2.527587173365556e-20,0.9803921568627451,1.0,1e-06,0.6193164443413411,Katashi,1e-06,0.9803921568627451,1.0,0
2019-12-02,0.08580529449152913,5.0,0.19801980198019803,0.0,0.0,0,0.0,0.9803921568627451,0.0,1e-06,1.0,Katashi,1e-06,0.9803921568627451,1.0,0
2019-12-03,0.08371907154255363,5.0,0.19801980198019803,0.0,0.0,0,0.0,0.9803921568627451,0.0,1e-06,1.0,Katashi,1e-06,0.9803921568627451,1.0,0
2019-12-04,0.06830661743261893,5.0,0.19801980198019803,0.0,0.0,0,0.0,0.9803921568627451,0.0,1e-06,1.0,Katashi,1e-06,0.9803921568627451,1.0,0
2019-12-05,0.0792734890033121,5.0,0.19801980198019803,0.0,0.0,0,0.0,0.9803921568627451,0.0,1e-06,1.0,Katashi,1e-06,0.9803921568627451,1.0,0
2019-12-06,0.06155781974845885,5.0,0.19801980198019803,0.0,0.0,0,0.0,0.9803921568627451,0.0,1e-06,1.0,Katashi,1e-06,0.9803921568627451,1.0,0
2019-12-09,0.06189075053555826,5.0,0.19801980198019803,0.0,0.0,0,0.0,0.9803921568627451,0.0,1e-06,1.0,Katashi,1e-06,0.9803921568627451,1.0,0
2019-12-10,0.0741448687398289,5.0,0.19801980198019803,3.86234377805976e-11,0.9999999999603766,1,1.5303925293857113e-21,0.9803921568627451,1.0,1e-06,0.6193164443413411,Katashi,1e-06,0.9803921568627451,1.0,0
2019-12-11,0.08869084391166657,5.0,0.19801980198019803,8.540945728396314e-12,0.9999999999904591,1,8.148851072378105e-23,0.9803921568627451,1.0,1e-06,1.0,Katashi,1e-06,0.9803921568627451,1.0,0
2019-12-12,0.06368123496253995,5.0,0.19801980198019803,2.0785040355283075e-11,0.999999999978215,1,4.528024831301054e-22,0.9803921568627451,1.0,1e-06,1.0,Katashi,1e-06,0.9803921568627451,1.0,0
2019-12-13,0.05990248365961246,5.0,0.19801980198019803,2.719902081298723e-11,0.999999999971801,1,7.669851523199743e-22,0.9803921568627451,1.0,1e-06,1.0,Katashi,1e-06,0.9803921568627451,1.0,0
2019-12-16,0.059532704029406615,5.0,0.19801980198019803,0.0,0.0,0,0.0,0.9803921568627451,0.0,1e-06,1.0,Katashi,1e-06,0.9803921568627451,1.0,0
2019-12-17,0.0632282849228826,5.0,0.19801980198019803,0.0,0.0,0,0.0,0.9803921568627451,0.0,1e-06,1.0,Katashi,1e-06,0.9803921568627451,1.0,0
2019-12-18,0.06686353296937454,5.0,0.19801980198019803,0.0,0.0,0,0.0,0.9803921568627451,0.0,1e-06,1.0,Katashi,1e-06,0.9803921568627451,1.0,0
2019-12-19,0.05907862271728151,5.0,0.19801980198019803,0.0,0.0,0,0.0,0.9803921568627451,0.0,1e-06,1.0,Katashi,1e-06,0.9803921568627451,1.0,0
2019-12-20,0.059937986589004046,5.0,0.19801980198019803,0.0,0.0,0,0.0,0.9803921568627451,0.0,1e-06,1.0,Katashi,1e-06,0.9803921568627451,1.0,0
2019-12-23,0.07351552605426671,5.0,0.19801980198019803,0.0,0.0,0,0.0,0.9803921568627451,0.0,1e-06,1.0,Katashi,1e-06,0.9803921568627451,1.0,0
2019-12-24,0.059103446740332216,5.0,0.19801980198019803,0.0,0.0,0,0.0,0.9803921568627451,0.0,1e-06,1.0,Katashi,1e-06,0.9803921568627451,1.0,0
2019-12-26,0.09044484311883495,5.0,0.19801980198019803,0.0,0.0,0,0.0,0.9803921568627451,0.0,1e-06,1.0,Katashi,1e-06,0.9803921568627451,1.0,0
2019-12-27,0.07708071264747786,5.0,0.19801980198019803,0.0,0.0,0,0.0,0.9803921568627451,0.0,1e-06,1.0,Katashi,1e-06,0.9803921568627451,1.0,0
2019-12-30,0.07248949224839439,5.0,0.19801980198019803,0.0,0.0,0,0.0,0.9803921568627451,0.0,1e-06,1.0,Katashi,1e-06,0.9803921568627451,1.0,0
2019-12-31,0.07510045726783313,5.0,0.19801980198019803,0.0,0.0,0,0.0,0.9803921568627451,0.0,1e-06,1.0,Katashi,1e-06,0.9803921568627451,1.0,0
2020-01-02,0.1434686532939036,5.0,0.19801980198019803,0.0,0.0,0,0.0,0.9803921568627451,0.0,1e-06,1.0,Katashi,1e-06,0.9803921568627451,1.0,0
2020-01-03,0.08187349987128067,5.0,0.19801980198019803,0.0,0.0,0,0.0,0.9803921568627451,0.0,1e-06,1.0,Katashi,1e-06,0.9803921568627451,1.0,0
2020-01-06,0.10494082008880738,5.0,0.19801980198019803,2.4653168395287834e-11,0.9999999999743469,1,6.32431334959315e-22,0.9803921568627451,1.0,1e-06,0.6193164443413411,Katashi,1e-06,0.9803921568627451,1.0,0
2020-01-07,0.15076081563510288,5.0,0.19801980198019803,2.2653101616474922e-11,0.9999999999763469,1,5.358156133435653e-22,0.9803921568627451,1.0,1e-06,1.0,Katashi,1e-06,0.9803921568627451,1.0,0
2020-01-08,0.1452052671765428,5.0,0.19801980198019803,0.0,0.0,0,0.0,0.9803921568627451,0.0,1e-06,1.0,Katashi,1e-06,0.9803921568627451,1.0,0
2020-01-09,0.17215089756380414,5.0,0.19801980198019803,0.0,0.0,0,0.0,0.9803921568627451,0.0,1e-06,1.0,Katashi,1e-06,0.9803921568627451,1.0,0
2020-01-10,0.15539035921095584,5.0,0.19801980198019803,0.0,0.0,0,0.0,0.9803921568627451,0.0,1e-06,1.0,Katashi,1e-06,0.9803921568627451,1.0,0
2020-01-13,0.14859555644739111,5.0,0.19801980198019803,0.0,0.0,0,0.0,0.9803921568627451,0.0,1e-06,1.0,Katashi,1e-06,0.9803921568627451,1.0,0
2020-01-14,0.13258552450266048,5.0,0.19801980198019803,0.0,0.0,0,0.0,0.9803921568627451,0.0,1e-06,1.0,Katashi,1e-06,0.9803921568627451,1.0,0
2020-01-15,0.14628273390394014,5.0,0.19801980198019803,0.0,0.0,0,0.0,0.9803921568627451,0.0,1e-06,1.0,Katashi,1e-06,0.9803921568627451,1.0,0
2020-01-16,0.15142903488410037,5.0,0.19801980198019803,0.0,0.0,0,0.0,0.9803921568627451,0.0,1e-06,1.0,Katashi,1e-06,0.9803921568627451,1.0,0
2020-01-17,0.15839014424916384,5.0,0.19801980198019803,0.0,0.0,0,0.0,0.9803921568627451,0.0,1e-06,1.0,Katashi,1e-06,0.9803921568627451,1.0,0
2020-01-21,0.138763425413473,5.0,0.19801980198019803,0.0,0.0,0,0.0,0.9803921568627451,0.0,1e-06,1.0,Katashi,1e-06,0.9803921568627451,1.0,0
2020-01-22,0.13902732037098864,5.0,0.19801980198019803,0.0,0.0,0,0.0,0.9803921568627451,0.0,1e-06,1.0,Katashi,1e-06,0.9803921568627451,1.0,0
2020-01-23,0.12565085313207694,5.0,0.19801980198019803,0.0,0.0,0,0.0,0.9803921568627451,0.0,1e-06,1.0,Katashi,1e-06,0.9803921568627451,1.0,0
2020-01-24,0.11398768832166359,5.0,0.19801980198019803,0.0,0.0,0,0.0,0.9803921568627451,0.0,1e-06,1.0,Katashi,1e-06,0.9803921568627451,1.0,0
2020-01-27,0.09381671006539197,5.0,0.19801980198019803,0.0,0.0,0,0.0,0.9803921568627451,0.0,1e-06,1.0,Katashi,1e-06,0.9803921568627451,1.0,0
2020-01-28,0.07641231917775596,5.0,0.19801980198019803,0.0,0.0,0,0.0,0.9803921568627451,0.0,1e-06,1.0,Katashi,1e-06,0.9803921568627451,1.0,0
2020-01-29,0.0487319308620876,5.0,0.19801980198019803,0.0,0.0,0,0.0,0.9803921568627451,0.0,1e-06,1.0,Katashi,1e-06,0.9803921568627451,1.0,0
2020-01-30,0.05658832339181082,5.0,0.19801980198019803,0.0,0.0,0,0.0,0.9803921568627451,0.0,1e-06,1.0,Katashi,1e-06,0.9803921568627451,1.0,0
2020-01-31,0.041162113884295325,5.0,0.19801980198019803,0.0,0.0,0,0.0,0.9803921568627451,0.0,1e-06,1.0,Katashi,1e-06,0.9803921568627451,1.0,0
2020-02-03,0.04334367347183652,5.0,0.19801980198019803,0.0,0.0,0,0.0,0.9803921568627451,0.0,1e-06,1.0,Katashi,1e-06,0.9803921568627451,1.0,0
2020-02-04,-0.035561550998324774,5.0,0.19801980198019803,0.0,0.0,0,0.0,0.9803921568627451,0.0,1e-06,1.0,Katashi,1e-06,0.9803921568627451,1.0,0
2020-02-05,-0.037123967870128824,5.0,0.19801980198019803,0.0,0.0,0,0.0,0.9803921568627451,0.0,1e-06,1.0,Katashi,1e-06,0.9803921568627451,1.0,0
2020-02-06,-0.039186221984169115,5.0,0.19801980198019803,0.0,0.0,0,0.0,0.9803921568627451,0.0,1e-06,1.0,Katashi,1e-06,0.9803921568627451,1.0,0
2020-02-07,-0.0699134199134199,5.0,0.19801980198019803,0.0,0.0,0,0.0,0.9803921568627451,0.0,1e-06,1.0,Katashi,1e-06,0.9803921568627451,1.0,0
2020-02-10,-0.06264194742455612,5.0,0.19801980198019803,0.0,0.0,0,0.0,0.9803921568627451,0.0,1e-06,1.0,Katashi,1e-06,0.9803921568627451,1.0,0
2020-02-11,-0.05341552167639123,5.0,0.19801980198019803,0.0,0.0,0,0.0,0.9803921568627451,0.0,1e-06,1.0,Katashi,1e-06,0.9803921568627451,1.0,0
2020-02-12,-0.05126984126984126,5.0,0.19801980198019803,8.02411470568787e-11,0.9999999999187589,1,6.5188810532530755e-21,0.9803921568627451,1.0,1e-06,0.6193164443413411,Katashi,1e-06,0.9803921568627451,1.0,0
2020-02-13,-0.054869816174164025,5.0,0.19801980198019803,2.0589863145650464e-10,0.9999999997931014,1,4.260014051669298e-20,0.9803921568627451,1.0,1e-06,1.0,Katashi,1e-06,0.9803921568627451,1.0,0
2020-02-14,-0.055728088336784,5.0,0.19801980198019803,0.0,0.0,0,0.0,0.9803921568627451,0.0,1e-06,1.0,Katashi,1e-06,0.9803921568627451,1.0,0
2020-02-18,-0.051269841269841264,5.0,0.19801980198019803,8.849787569031112e-11,0.9999999999105021,1,7.920369920017217e-21,0.9803921568627451,1.0,1e-06,0.6193164443413411,Katashi,1e-06,0.9803921568627451,1.0,0
2020-02-19,-0.049934751239099046,5.0,0.19801980198019803,7.871137075137081e-11,0.9999999999202887,1,6.274189515330232e-21,0.9803921568627451,1.0,1e-06,1.0,Katashi,1e-06,0.9803921568627451,1.0,0
2020-02-20,-0.053059251661355056,5.0,0.19801980198019803,9.819023371667679e-11,0.9999999999008098,1,9.739510059398401e-21,0.9803921568627451,1.0,1e-06,1.0,Katashi,1e-06,0.9803921568627451,1.0,0
2020-02-21,-0.05302391791530364,5.0,0.19801980198019803,0.0,0.0,0,0.0,0.9803921568627451,0.0,1e-06,1.0,Katashi,1e-06,0.9803921568627451,1.0,0
2020-02-24,-0.05301146886807248,5.0,0.19801980198019803,0.0,0.0,0,0.0,0.9803921568627451,0.0,1e-06,1.0,Katashi,1e-06,0.9803921568627451,1.0,0
2020-02-25,-0.030861050017683488,5.0,0.19801980198019803,0.0,0.0,0,0.0,0.9803921568627451,0.0,1e-06,1.0,Katashi,1e-06,0.9803921568627451,1.0,0
2020-02-26,-0.030754530279648203,5.0,0.19801980198019803,6.764263591400337e-10,0.9999999993225737,1,4.582290308900751e-19,0.9803921568627451,1.0,1e-06,0.6193164443413411,Katashi,1e-06,0.9803921568627451,1.0,0
2020-02-27,-0.01647205068174524,5.0,0.19801980198019803,1.7200374456574192e-10,0.9999999998269963,1,2.975728808675801e-20,0.9803921568627451,1.0,1e-06,1.0,Katashi,1e-06,0.9803921568627451,1.0,0
2020-02-28,-0.013480217205336658,5.0,0.19801980198019803,1.3832823775207632e-11,0.9999999999851672,1,2.051795313668159e-22,0.9803921568627451,1.0,1e-06,1.0,Katashi,1e-06,0.9803921568627451,1.0,0
2020-03-02,-0.012180211771352343,5.0,0.19801980198019803,8.604450485404266e-12,0.9999999999903956,1,8.264082829632509e-23,0.9803921568627451,1.0,1e-06,1.0,Katashi,1e-06,0.9803921568627451,1.0,0
2020-03-03,-0.01673436784685937,5.0,0.19801980198019803,9.336642570137257e-12,0.9999999999896634,1,9.650933051053681e-23,0.9803921568627451,1.0,1e-06,1.0,Katashi,1e-06,0.9803921568627451,1.0,0
2020-03-04,-0.009616982408843339,5.0,0.19801980198019803,8.058109734991325e-12,0.9999999999909419,1,7.299106397723156e-23,0.9803921568627451,1.0,1e-06,1.0,Katashi,1e-06,0.9803921568627451,1.0,0
2020-03-05,-0.014897858139178943,5.0,0.19801980198019803,1.5599410651963417e-11,0.9999999999834006,1,2.58940678256898e-22,0.9803921568627451,1.0,1e-06,1.0,Katashi,1e-06,0.9803921568627451,1.0,0
2020-03-06,-0.013407455512415536,5.0,0.19801980198019803,1.0189182830737738e-11,0.9999999999888108,1,1.1400840418732033e-22,0.9803921568627451,1.0,1e-06,1.0,Katashi,1e-06,0.9803921568627451,1.0,0
2020-03-09,0.0014472593973515943,4.0,0.2469135802469136,9.782619159124473e-12,0.9999999999892174,1,1.0548204036379438e-22,0.7862550960986313,1.0,1e-06,0.5362404434604868,Utsuroi,1e-06,0.9803921568627451,1.0,0
2020-03-10,-0.0071601044402524,5.0,0.19801980198019803,1.0435763364504197e-11,0.9999999999885643,1,1.193406895080729e-22,0.9803921568627451,1.0,1e-06,0.3935918066718983,Katashi,1e-06,0.9803921568627451,1.0,0
2020-03-11,0.0809480887092549,5.0,0.19801980198019803,1.3557377442802178e-11,0.9999999999854426,1,1.9735956065832387e-22,0.9803921568627451,1.0,1e-06,1.0,Katashi,1e-06,0.9803921568627451,1.0,0
2020-03-12,0.13572527185137584,5.0,0.19801980198019803,1.6676660052738747e-11,0.9999999999823234,1,2.9478728165354185e-22,0.9803921568627451,1.0,1e-06,1.0,Katashi,1e-06,0.9803921568627451,1.0,0
2020-03-13,0.1407452849097702,4.0,0.2469135802469136,0.0,0.0,0,0.0,0.7862550960986313,0.0,1e-06,0.7711316746870893,Utsuroi,1e-06,0.9803921568627451,1.0,0
2020-03-16,0.1432480080306167,4.0,0.2469135802469136,0.0,0.0,0,0.0,0.7862550960986313,0.0,1e-06,1.0,Utsuroi,1e-06,0.9803921568627451,1.0,0
2020-03-17,0.12727460944852248,3.0,0.3278688524590164,0.0,0.0,0,0.0,0.5921180353341292,0.0,1e-06,0.9673373529881764,Utsuroi,1e-06,0.9803921568627451,1.0,0
2020-03-18,0.19848735805257547,3.0,0.3278688524590164,0.0,0.0,0,0.0,0.5921180353341292,0.0,1e-06,1.0,Utsuroi,1e-06,0.9803921568627451,1.0,0
2020-03-19,0.18473116255724953,3.0,0.3278688524590164,0.0,0.0,0,0.0,0.5921180353341292,0.0,1e-06,1.0,Utsuroi,1e-06,0.9803921568627451,1.0,0
2020-03-20,0.18856954639563334,5.0,0.19801980198019803,0.0,0.0,0,0.0,0.9803921568627451,0.0,1e-06,0.4420532946854945,Katashi,1e-06,0.9803921568627451,1.0,0
2020-03-23,0.17889014367275236,5.0,0.19801980198019803,0.0,0.0,0,0.0,0.9803921568627451,0.0,1e-06,1.0,Katashi,1e-06,0.9803921568627451,1.0,0
2020-03-24,0.17879478009912791,4.0,0.2469135802469136,0.0,0.0,0,0.0,0.7862550960986313,0.0,1e-06,0.48789131095633376,Utsuroi,1e-06,0.9803921568627451,1.0,0
2020-03-25,0.17278687496078804,4.0,0.2469135802469136,0.0,0.0,0,0.0,0.7862550960986313,0.0,1e-06,1.0,Utsuroi,1e-06,0.9803921568627451,1.0,0
2020-03-26,0.18575632097371222,3.0,0.3278688524590164,0.0,0.0,0,0.0,0.5921180353341292,0.0,1e-06,0.9673373529881764,Utsuroi,1e-06,0.9803921568627451,1.0,0
2020-03-27,0.1869006838572056,4.0,0.2469135802469136,0.0,0.0,0,0.0,0.7862550960986313,0.0,1e-06,0.696361660023664,Utsuroi,1e-06,0.9803921568627451,1.0,0
2020-03-30,0.18353911788694396,3.0,0.3278688524590164,0.0,0.0,0,0.0,0.5921180353341292,0.0,1e-06,0.9673373529881764,Utsuroi,1e-06,0.9803921568627451,1.0,0
2020-03-31,0.1925271347010478,4.0,0.2469135802469136,0.0,0.0,0,0.0,0.7862550960986313,0.0,1e-06,0.696361660023664,Utsuroi,1e-06,0.9803921568627451,1.0,0
2020-04-01,0.20296944601292433,4.0,0.2469135802469136,0.0,0.0,0,0.0,0.7862550960986313,0.0,1e-06,1.0,Utsuroi,1e-06,0.9803921568627451,1.0,0
2020-04-02,0.20559194428759642,4.0,0.2469135802469136,0.0,0.0,0,0.0,0.7862550960986313,0.0,1e-06,1.0,Utsuroi,1e-06,0.9803921568627451,1.0,0
2020-04-03,0.21014555492816364,4.0,0.2469135802469136,0.0,0.0,0,0.0,0.7862550960986313,0.0,1e-06,1.0,Utsuroi,1e-06,0.9803921568627451,1.0,0
2020-04-06,0.21498525628960416,3.0,0.3278688524590164,1.7050150179138038e-10,0.9999999998284985,1,2.924125984562834e-20,0.5921180353341292,1.0,1e-06,0.6335831450889235,Utsuroi,1e-06,0.9803921568627451,1.0,0
2020-04-07,0.2193958215697346,3.0,0.3278688524590164,2.4721003022090686e-11,0.999999999974279,1,6.358484465773625e-22,0.5921180353341292,1.0,1e-06,1.0,Utsuroi,1e-06,0.9803921568627451,1.0,0
2020-04-08,0.2344632662023967,3.0,0.3278688524590164,3.1485924977842273e-11,0.9999999999675141,1,1.0228487001819323e-21,0.5921180353341292,1.0,1e-06,1.0,Utsuroi,1e-06,0.9803921568627451,1.0,0
2020-04-09,0.2636922015182885,2.0,0.48780487804878053,1.9621859692407962e-11,0.9999999999793782,1,4.0463880341582626e-22,0.397980974569239,1.0,1e-06,0.4452142516804555,Utsuroi,1e-06,0.9803921568627451,1.0,0
2020-04-13,0.2335334713595583,2.0,0.48780487804878053,1.8072654483876766e-11,0.9999999999809274,1,3.4469309478254146e-22,0.397980974569239,1.0,1e-06,1.0,Utsuroi,1e-06,0.9803921568627451,1.0,0
2020-04-14,0.20544889892715978,2.0,0.48780487804878053,1.2049139463869722e-11,0.9999999999869509,1,1.5723063473698136e-22,0.397980974569239,1.0,1e-06,1.0,Utsuroi,1e-06,0.9803921568627451,1.0,0
2020-04-15,0.20628333019637365,2.0,0.48780487804878053,0.0,0.0,0,0.0,0.397980974569239,0.0,1e-06,1.0,Utsuroi,1e-06,0.9803921568627451,1.0,0
2020-04-16,0.22344877344877348,2.0,0.48780487804878053,0.0,0.0,0,0.0,0.397980974569239,0.0,1e-06,1.0,Utsuroi,1e-06,0.9803921568627451,1.0,0
2020-04-17,0.2275017253278123,3.0,0.3278688524590164,1.1164402735557088e-11,0.9999999999878356,1,1.3580804420229946e-22,0.5921180353341292,1.0,1e-06,0.8378635663892274,Utsuroi,1e-06,0.9803921568627451,1.0,0
2020-04-20,0.12878886980310375,3.0,0.3278688524590164,1.2962741990821424e-11,0.9999999999860373,1,1.8099513515453317e-22,0.5921180353341292,1.0,1e-06,1.0,Utsuroi,1e-06,0.9803921568627451,1.0,0
2020-04-21,0.13115001384101238,3.0,0.3278688524590164,2.2085333561694887e-11,0.9999999999769147,1,5.098468035333276e-22,0.5921180353341292,1.0,1e-06,1.0,Utsuroi,1e-06,0.9803921568627451,1.0,0
2020-04-22,0.14918590895267572,2.0,0.48780487804878053,1.7618462244511174e-11,0.9999999999813816,1,3.28028284358131e-22,0.397980974569239,1.0,1e-06,0.4452142516804555,Utsuroi,1e-06,0.9803921568627451,1.0,0
2020-04-23,0.17679416181553903,2.0,0.48780487804878053,2.2917667763236805e-11,0.9999999999760824,1,5.481366564976517e-22,0.397980974569239,1.0,1e-06,1.0,Utsuroi,1e-06,0.9803921568627451,1.0,0
2020-04-24,0.1926007744824757,2.0,0.48780487804878053,2.426137068990759e-11,0.9999999999747387,1,6.1287494174749145e-22,0.397980974569239,1.0,1e-06,1.0,Utsuroi,1e-06,0.9803921568627451,1.0,0
2020-04-27,0.19217243476272305,2.0,0.48780487804878053,0.0,0.0,0,0.0,0.397980974569239,0.0,1e-06,1.0,Utsuroi,1e-06,0.9803921568627451,1.0,0
2020-04-28,0.16062712674068141,1.0,0.9523809523809523,6.894318449223976e-11,0.9999999999300568,1,4.8221043474500195e-21,0.2038439138039604,1.0,1e-06,0.06352564585952081,Utsuroi,1e-06,0.9803921568627451,1.0,0
2020-04-29,0.17026358980269102,2.0,0.48780487804878053,2.0892843010971825e-11,0.9999999999781072,1,4.574032699114569e-22,0.397980974569239,1.0,1e-06,0.23127732015998104,Utsuroi,1e-06,0.9803921568627451,1.0,0
2020-04-30,0.16466081233724741,2.0,0.48780487804878053,9.172971267237546e-10,0.9999999990817029,1,8.423512959169533e-19,0.397980974569239,1.0,1e-06,1.0,Utsuroi,1e-06,0.9803921568627451,1.0,0
2020-05-01,0.14635777539502645,2.0,0.48780487804878053,1.4322543151362404e-11,0.9999999999846775,1,2.1945746863638363e-22,0.397980974569239,1.0,1e-06,1.0,Utsuroi,1e-06,0.9803921568627451,1.0,0
2020-05-04,0.16883594198578708,2.0,0.48780487804878053,1.4516499113761428e-11,0.9999999999844835,1,2.2524492450540746e-22,0.397980974569239,1.0,1e-06,1.0,Utsuroi,1e-06,0.9803921568627451,1.0,0
2020-05-05,0.1518444322003075,2.0,0.48780487804878053,0.4998431379201598,0.8004030728646119,2,0.09976715437857389,0.397980974569239,2.0,1e-06,0.028888188388656477,Utsuroi,1e-06,0.9803921568627451,1.0,0
2020-05-06,0.17338068542892554,2.0,0.48780487804878053,1.483446698800909e-11,0.9999999999841656,1,2.34895549644266e-22,0.397980974569239,1.0,1e-06,0.9641307983105775,Utsuroi,1e-06,0.9803921568627451,1.0,0
2020-05-07,0.2026387515875805,2.0,0.48780487804878053,3.524947000888975e-11,0.9999999999637506,1,1.2777738261607391e-21,0.397980974569239,1.0,1e-06,1.0,Utsuroi,1e-06,0.9803921568627451,1.0,0
2020-05-08,0.19253579847295282,2.0,0.48780487804878053,0.0,0.0,0,0.0,0.397980974569239,0.0,1e-06,1.0,Utsuroi,1e-06,0.9803921568627451,1.0,0
2020-05-11,0.21418603944252182,4.0,0.2469135802469136,0.0,0.0,0,0.0,0.7862550960986313,0.0,1e-06,0.8890224929410271,Utsuroi,1e-06,0.9803921568627451,1.0,0
2020-05-12,0.14481356682006144,4.0,0.2469135802469136,4.240796602678271e-11,0.9999999999565921,1,1.8408426104583168e-21,0.7862550960986313,1.0,1e-06,0.5758418739262368,Utsuroi,1e-06,0.9803921568627451,1.0,0
2020-05-13,0.1277641222498508,3.0,0.3278688524590164,0.0,0.0,0,0.0,0.5921180353341292,0.0,1e-06,0.9835746162063036,Utsuroi,1e-06,0.9803921568627451,1.0,0
2020-05-14,0.1428019350122355,3.0,0.3278688524590164,0.0,0.0,0,0.0,0.5921180353341292,0.0,1e-06,1.0,Utsuroi,1e-06,0.9803921568627451,1.0,0
2020-05-15,0.17052251881642794,3.0,0.3278688524590164,7.717948502211396e-11,0.9999999999218205,1,6.0338506861936825e-21,0.5921180353341292,1.0,1e-06,0.559025688323268,Utsuroi,1e-06,0.9803921568627451,1.0,0
2020-05-18,0.1515684109809771,4.0,0.2469135802469136,0.0,0.0,0,0.0,0.7862550960986313,0.0,1e-06,0.8473064272229136,Utsuroi,1e-06,0.9803921568627451,1.0,0
2020-05-19,0.16994346764169102,4.0,0.2469135802469136,0.0,0.0,0,0.0,0.7862550960986313,0.0,1e-06,1.0,Utsuroi,1e-06,0.9803921568627451,1.0,0
2020-05-20,0.1830239719646462,4.0,0.2469135802469136,0.0,0.0,0,0.0,0.7862550960986313,0.0,1e-06,1.0,Utsuroi,1e-06,0.9803921568627451,1.0,0
2020-05-21,0.19322567526556406,5.0,0.19801980198019803,0.0,0.0,0,0.0,0.9803921568627451,0.0,1e-06,0.34421469826039475,Katashi,1e-06,0.9803921568627451,1.0,0
2020-05-22,0.20010157886102983,5.0,0.19801980198019803,0.0,0.0,0,0.0,0.9803921568627451,0.0,1e-06,1.0,Katashi,1e-06,0.9803921568627451,1.0,0
2020-05-26,0.18077578974619976,5.0,0.19801980198019803,0.0,0.0,0,0.0,0.9803921568627451,0.0,1e-06,1.0,Katashi,1e-06,0.9803921568627451,1.0,0
2020-05-27,0.1871712892701865,5.0,0.19801980198019803,0.0,0.0,0,0.0,0.9803921568627451,0.0,1e-06,1.0,Katashi,1e-06,0.9803921568627451,1.0,0
2020-05-28,0.21285672296529998,5.0,0.19801980198019803,0.0,0.0,0,0.0,0.9803921568627451,0.0,1e-06,1.0,Katashi,1e-06,0.9803921568627451,1.0,0
2020-05-29,0.19862959963488006,5.0,0.19801980198019803,0.0,0.0,0,0.0,0.9803921568627451,0.0,1e-06,1.0,Katashi,1e-06,0.9803921568627451,1.0,0
2020-06-01,0.19608276162582494,5.0,0.19801980198019803,0.0,0.0,0,0.0,0.9803921568627451,0.0,1e-06,1.0,Katashi,1e-06,0.9803921568627451,1.0,0
2020-06-02,0.18692423981852715,5.0,0.19801980198019803,0.0,0.0,0,0.0,0.9803921568627451,0.0,1e-06,1.0,Katashi,1e-06,0.9803921568627451,1.0,0
2020-06-03,0.15598907472882126,5.0,0.19801980198019803,0.0,0.0,0,0.0,0.9803921568627451,0.0,1e-06,1.0,Katashi,1e-06,0.9803921568627451,1.0,0
2020-06-04,0.14167537921376375,5.0,0.19801980198019803,0.0,0.0,0,0.0,0.9803921568627451,0.0,1e-06,1.0,Katashi,1e-06,0.9803921568627451,1.0,0
2020-06-05,0.12576139096269445,4.0,0.2469135802469136,0.0,0.0,0,0.0,0.7862550960986313,0.0,1e-06,0.48789131095633376,Utsuroi,1e-06,0.9803921568627451,1.0,0
2020-06-08,0.09903261861130434,4.0,0.2469135802469136,0.0,0.0,0,0.0,0.7862550960986313,0.0,1e-06,1.0,Utsuroi,1e-06,0.9803921568627451,1.0,0
2020-06-09,0.05614352961917101,4.0,0.2469135802469136,0.0,0.0,0,0.0,0.7862550960986313,0.0,1e-06,1.0,Utsuroi,1e-06,0.9803921568627451,1.0,0
2020-06-10,0.04516045765613159,4.0,0.2469135802469136,0.0,0.0,0,0.0,0.7862550960986313,0.0,1e-06,1.0,Utsuroi,1e-06,0.9803921568627451,1.0,0
2020-06-11,0.02128248768227553,4.0,0.2469135802469136,0.0,0.0,0,0.0,0.7862550960986313,0.0,1e-06,1.0,Utsuroi,1e-06,0.9803921568627451,1.0,0
2020-06-12,0.033402186897311004,4.5,0.21978021978021978,0.0,0.0,0,0.0,0.8833236264807367,0.0,1e-06,0.4405488620469252,Utsuroi,1e-06,0.9803921568627451,1.0,0
2020-06-15,0.03620042701884032,4.5,0.21978021978021978,0.0,0.0,0,0.0,0.8833236264807367,0.0,1e-06,1.0,Utsuroi,1e-06,0.9803921568627451,1.0,0
2020-06-16,0.030687261294021804,4.5,0.21978021978021978,0.0,0.0,0,0.0,0.8833236264807367,0.0,1e-06,1.0,Utsuroi,1e-06,0.9803921568627451,1.0,0
2020-06-17,0.030367842074105658,4.5,0.21978021978021978,0.0,0.0,0,0.0,0.8833236264807367,0.0,1e-06,1.0,Utsuroi,1e-06,0.9803921568627451,1.0,0
2020-06-18,0.042261571951012,4.5,0.21978021978021978,0.0,0.0,0,0.0,0.8833236264807367,0.0,1e-06,1.0,Utsuroi,1e-06,0.9803921568627451,1.0,0
2020-06-19,0.046227301305458914,4.5,0.21978021978021978,0.0,0.0,0,0.0,0.8833236264807367,0.0,1e-06,1.0,Utsuroi,1e-06,0.9803921568627451,1.0,0
2020-06-22,0.032912018490922054,4.5,0.21978021978021978,0.0,0.0,0,0.0,0.8833236264807367,0.0,1e-06,1.0,Utsuroi,1e-06,0.9803921568627451,1.0,0
2020-06-23,0.020466960271514914,4.0,0.2469135802469136,0.0,0.0,0,0.0,0.7862550960986313,0.0,1e-06,0.5255732137474102,Utsuroi,1e-06,0.9803921568627451,1.0,0
2020-06-24,0.03434273607106595,4.5,0.21978021978021978,0.0,0.0,0,0.0,0.8833236264807367,0.0,1e-06,0.4405488620469252,Utsuroi,1e-06,0.9803921568627451,1.0,0
2020-06-25,0.048061854353776794,4.5,0.21978021978021978,0.0,0.0,0,0.0,0.8833236264807367,0.0,1e-06,1.0,Utsuroi,1e-06,0.9803921568627451,1.0,0
2020-06-26,0.039496093978187256,4.5,0.21978021978021978,0.0,0.0,0,0.0,0.8833236264807367,0.0,1e-06,1.0,Utsuroi,1e-06,0.9803921568627451,1.0,0
2020-06-29,0.03634812770996531,4.5,0.21978021978021978,0.0,0.0,0,0.0,0.8833236264807367,0.0,1e-06,1.0,Utsuroi,1e-06,0.9803921568627451,1.0,0
